Workbook

Sheet Summary
A4: This Workbook tracks the IT Teams resource usage over the year aswell as providing a comparison with the previous year.
A6: Year 2026 | D6: Jan | E6: Feb | F6: March | G6: April | H6: May | I6: June | J6: July | K6: August | L6: September | M6: October | N6: November | O6: December
B7: MGMT | D7: {='2026'!D52:O52} -> 0.86607143 | E7: 0.565 | F7: 0.66666667 | G7: 0.99473684 | H7: 0.975 | I7: 0.96 | J7: 1 | K7: 0.99047619 | L7: 1 | M7: 1 | N7: 1 | O7: 1 | P7: =AVERAGE(_xlfn.ANCHORARRAY(D7)) -> 0.91816259 | S7: Jan | T7: Feb | U7: March | V7: April | W7: May | X7: June | Y7: July | Z7: August | AA7: September | AB7: October | AC7: November | AD7: December | AE7: Total
B8: Service Desk | D8: {='2026'!D47:O47} -> 0.6952381 | E8: 0.88125 | F8: 0.83333333 | G8: 0.99013158 | H8: 0.975 | I8: 0.99 | J8: 1 | K8: 1 | L8: 1 | M8: 1 | N8: 0.88125 | O8: 1 | P8: =AVERAGE(D8:O8) -> 0.93718358 | R8: Capacity (Full Team) | S8: 2500 | T8: 2300 | U8: 2300 | V8: 2300 | W8: 2300 | X8: 2300 | Y8: 2300 | Z8: 2300 | AA8: 2300 | AB8: 2300 | AC8: 2300 | AD8: 2300 | AE8: =SUM(S8:AD8) -> 27800
B9: OST | D9: {='2026'!D50:O50} -> 0.85714286 | E9: 0.725 | F9: 0.95238095 | G9: 0.97368421 | H9: 0.975 | I9: 1 | J9: 0.89130435 | K9: 1 | L9: 1 | M9: 1 | N9: 1 | O9: 1 | P9: =AVERAGE(D9:O9) -> 0.94787603 | R9: Opened | S9: 1664 | T9: 1520 | AE9: =SUM(S9:AD9) -> 3184
B10: OST BaB | D10: {='2026'!D51:O51} -> 0.84126984 | E10: 0.725 | F10: 0.77777778 | G10: 1 | H10: 1 | I10: 1 | J10: 1 | K10: 1 | L10: 1 | M10: 1 | N10: 1 | O10: 1 | P10: =AVERAGE(D10:O10) -> 0.9453373 | R10: Closed | S10: 1634 | T10: 1530 | AE10: =SUM(S10:AD10) -> 3164
B11: Projects | D11: {='2026'!D52:O52} -> 0.86607143 | E11: 0.565 | F11: 0.66666667 | G11: 0.99473684 | H11: 0.975 | I11: 0.96 | J11: 1 | K11: 0.99047619 | L11: 1 | M11: 1 | N11: 1 | O11: 1 | P11: =AVERAGE(D11:O11) -> 0.91816259 | S11: JM Left
D12: Jan | E12: Feb | F12: March | G12: April | H12: May | I12: June | J12: July | K12: August | L12: September | M12: October | N12: November | O12: December | P12: =AVERAGE(P7:P11) -> 0.93334442 | T12: 1x Support Engineer Vacancy
D13: Q1 | G13: Q2 | J13: Q3 | M13: Q4
B14: <90% >110% | D14: =AVERAGE(D7:F11) -> 0.76559127 | G14: =AVERAGE(G7:I11) -> 0.9842193 | J14: =AVERAGE(J7:L11) -> 0.99148378 | M14: =AVERAGE(M7:O11) -> 0.99208333
A15: Within Capacity | B15: Under resourced | C15: Over Resourced | D15: PM Vacancy - 1x Support Engineer Feb
A37: Year 2025 | D37: Jan | E37: Feb | F37: March | G37: April | H37: May | I37: June | J37: July | K37: August | L37: September | M37: October | N37: November | O37: December
B38: Service Desk | D38: {='2025'!E45:P45} -> 0.90909091 | E38: 0.94375 | F38: 0.78571429 | G38: 0.8625 | H38: 0.8875 | I38: 0.895 | J38: 0.82608696 | K38: 0.81875 | L38: 0.74147727 | M38: 0.75271739 | N38: 0.93125 | O38: 0.7797619 | P38: =AVERAGE(_xlfn.ANCHORARRAY(D38)) -> 0.84446656 | S38: Jan | T38: Feb | U38: March | V38: April | W38: May | X38: June | Y38: July | Z38: August | AA38: September | AB38: October | AC38: November | AD38: December | AE38: Total
B39: OST | D39: {='2025'!E47:P50} -> 1.5454545 | E39: 0.7 | F39: 0.72486772 | G39: 0.825 | H39: 0.825 | I39: 0.8 | J39: 1.1521739 | K39: 1.3 | L39: 1.1590909 | M39: 0.76086957 | N39: 0.75 | O39: 1 | P39: =AVERAGE(D39:O39) -> 0.96187139 | R39: Capacity (Full Team) | S39: 1312 | T39: 1312 | U39: 1312 | V39: 2500 | W39: 2500 | X39: 2500 | Y39: 2500 | Z39: 2500 | AA39: 2500 | AB39: 2500 | AC39: 2500 | AD39: 2500 | AE39: =SUM(S39:AD39) -> 26436
B40: OST BaB | D40: 0.90909091 | E40: 0.925 | F40: 0.76190476 | G40: 0.9 | H40: 0.9 | I40: 0.74 | J40: 0.86956522 | K40: 0.775 | L40: 0.93181818 | M40: 1.1956522 | N40: 1.075 | O40: 0.83333333 | P40: =AVERAGE(D40:O40) -> 0.90136371 | R40: Opened | S40: 1075 | T40: 1040 | U40: 991 | V40: 1795 | W40: 2447 | X40: 3702 | Y40: 3702 | Z40: 2555 | AA40: 2121 | AB40: 2005 | AC40: 2226 | AD40: 1487 | AE40: =SUM(S40:AD40) -> 25146
B41: Projects | D41: 0.96969697 | E41: 0.86666667 | F41: 0.93650794 | G41: 1.1333333 | H41: 1.1333333 | I41: 0.89333333 | J41: 0.88405797 | K41: 0.85 | L41: 0.95454545 | M41: 0.88405797 | N41: 0.96666667 | O41: 0.96825397 | P41: =AVERAGE(D41:O41) -> 0.95337113 | R41: Closed | S41: 910 | T41: 1040 | U41: 1000 | V41: 1773 | W41: 2620 | X41: 3687 | Y41: 3678 | Z41: 2451 | AA41: 2235 | AB41: 2068 | AC41: 2183 | AD41: 1548 | AE41: =SUM(S41:AD41) -> 25193
B42: MGMT | D42: 0.67451299 | E42: 0.8125 | F42: 0.70238095 | G42: 0.6125 | H42: 0.6125 | I42: 0.824 | J42: 0.49565217 | K42: 0.53 | L42: 0.77272727 | M42: 0.67608696 | N42: 0.64 | O42: 0.60952381 | P42: =AVERAGE(D42:O42) -> 0.66353201 | S42: Connectwise - Exc Alerts | V42: *Moved to HALO
D43: Jan | E43: Feb | F43: March | G43: April | H43: May | I43: June | J43: July | K43: August | L43: September | M43: October | N43: November | O43: December | P43: =AVERAGE(P38:P42) -> 0.86492096 | V43: Includes test tickets/duplicates
D44: Q1 | G44: Q2 | J44: Q3 | M44: Q4 | V44: *includes Alerts >
B45: <90% >110% | D45: =AVERAGE(D38:F42) -> 0.87780924 | G45: =AVERAGE(G38:I42) -> 0.85626667 | J45: =AVERAGE(J38:L42) -> 0.87072969 | M45: =AVERAGE(M38:O42) -> 0.85487825
A46: Within Capacity | B46: Under resourced | C46: Over Resourced | D46: Maternity Leave - Jan - Sept, SDM/OPs July - September - PM Vacancy - Oct >
A67: Year 2024
B68: SD Available | D68: 0.45 | E68: 0.45 | F68: 0.59 | G68: 0.82 | H68: ='2024'!$I$47 -> 0.76984127 | I68: ='2024'!$J$47 -> 0.78333333 | J68: ='2024'!$K$47 -> 0.725 | K68: ='2024'!$L$47 -> 0.6462585 | L68: ='2024'!$M$47 -> 0.74829932 | M68: ='2024'!$N$47 -> 0.80745342 | N68: ='2024'!$O$47 -> 0.73214286 | O68: ='2024'!$P$47 -> 0.53125 | P68: =AVERAGE(D68:O68) -> 0.67113156 | S68: Jan | T68: Feb | U68: March | V68: April | W68: May | X68: June | Y68: July | Z68: August | AA68: September | AB68: October | AC68: November | AD68: December | AE68: Total
B69: OST | D69: {='2024'!$E$49:$P$51} -> 1.25 | E69: 1.25 | F69: 1.125 | G69: 0.92857143 | H69: 0.8015873 | I69: 0.8 | J69: 1 | K69: 0.95238095 | L69: 0.64285714 | M69: 1 | N69: 1.3571429 | O69: 1.95 | P69: =AVERAGE(D69:O69) -> 1.0881283 | R69: Capacity Current | S69: 1312 | T69: 1312 | U69: 1312 | V69: 1312 | W69: 1312 | X69: 1312 | Y69: 1312 | Z69: 1312 | AA69: 1312 | AB69: 1312 | AC69: 1312 | AD69: 1312 | AE69: =SUM(S69:AD69) -> 15744
B70: OST BaB | D70: 0.75 | E70: 0.75 | F70: 0.95 | G70: 1 | H70: 0.66666667 | I70: 0.75 | J70: 0.825 | K70: 0.85714286 | L70: 0.9047619 | M70: 0.89130435 | N70: 0.83333333 | O70: 0.8 | P70: =AVERAGE(D70:O70) -> 0.83151743 | R70: Opened | S70: 1587 | T70: 1370 | U70: 1400 | V70: 1256 | W70: 1008 | X70: 1211 | Y70: 1107 | Z70: 912 | AA70: 1290 | AB70: 1114 | AC70: 1030 | AD70: 698 | AE70: =SUM(S70:AD70) -> 13983
B71: Projects | D71: 1.35 | E71: 1.35 | F71: 1.1 | G71: 0.80952381 | H71: 0.8015873 | I71: 0.8125 | J71: 0.6625 | K71: 0.53571429 | L71: 0.73015873 | M71: 0.66666667 | N71: 0.76190476 | O71: 0.71666667 | P71: =AVERAGE(D71:O71) -> 0.85810185 | R71: Closed | S71: 1076 | T71: 900 | U71: 1150 | V71: 1175 | W71: 1111 | X71: 1063 | Y71: 1076 | Z71: 925 | AA71: 1270 | AB71: 1117 | AC71: 1010 | AD71: 711 | AE71: =SUM(S71:AD71) -> 12584
B72: MGMT | D72: {='2024'!$E$52:$P$52} -> 0.5 | E72: 0.5 | F72: 0.9 | G72: 0.89285714 | H72: 0.89285714 | I72: 0.9625 | J72: 0.9625 | K72: 0.80952381 | L72: 0.79761905 | M72: 0.69565217 | N72: 0.88095238 | O72: 0.75 | P72: =AVERAGE(D72:O72) -> 0.79537181
D73: Jan | E73: Feb | F73: March | G73: April | H73: May | I73: June | J73: July | K73: August | L73: September | M73: October | N73: November | O73: December | P73: =AVERAGE(P68:P72) -> 0.84885019
D74: Q1 | G74: Q2 | J74: Q3 | M74: Q4
B75: <90% >110% | D75: 0.88 | G75: =AVERAGE(G68:I72) -> 0.83278836 | J75: =AVERAGE(J68:L72) -> 0.78664777 | M75: =AVERAGE(M68:O72) -> 0.8916313
A76: Within Capacity | B76: Under resourced | C76: Over Resourced | D76: x1 Project Engineer Vacancy 1x 3rd Line Vacancy 1x OST | G76: x1 Project Engineer Vacancy 1x 3rd Line Vacancy | J76: x1 Project Engineer Vacancy 1x 3rd Line Vacancy
B109: Over Resourced | C109: 1.1 | D109: 1.1 | E109: 1.1 | F109: 1.1 | G109: 1.1 | H109: 1.1 | I109: 1.1 | J109: 1.1 | K109: 1.1 | L109: 1.1 | M109: 1.1 | N109: 1.1
B110: Capacity | C110: 1 | D110: 1 | E110: 1 | F110: 1 | G110: 1 | H110: 1 | I110: 1 | J110: 1 | K110: 1 | L110: 1 | M110: 1 | N110: 1
B111: Under Resourced | C111: 0.9 | D111: 0.9 | E111: 0.9 | F111: 0.9 | G111: 0.9 | H111: 0.9 | I111: 0.9 | J111: 0.9 | K111: 0.9 | L111: 0.9 | M111: 0.9 | N111: 0.9

Sheet 2024
A1: Staff Member | B1: Normal Area Of Work | C1: Tier | D1: Monday 26/02/24 | E1: Tuesday 27/02/24 | F1: Wednesday 28/02/24 | G1: Thursday 29/02/24 | H1: Friday 01/03/24 | I1: Saturday 02/03/24 | J1: Sunday 03/03/24 | K1: Monday 04/03/24 | L1: Tuesday 05/03/24 | M1: Wednesday 06/03/24 | N1: Thursday 07/03/24 | O1: Friday 08/03/24 | P1: Saturday 09/03/24 | Q1: Sunday 10/03/24 | R1: Monday 11/03/24 | S1: Tuesday 12/03/24 | T1: Wednesday 13/03/24 | U1: Thursday 14/03/24 | V1: Friday 15/03/24 | W1: Saturday 16/03/24 | X1: Sunday 17/03/24 | Y1: Monday 18/03/24 | Z1: Tuesday 19/03/25 | AA1: Wednesday 20/03/24 | AB1: Thursday 21/03/24 | AC1: Friday 22/03/24 | AD1: Saturday 23/03/24 | AE1: Sunday 24/03/24 | AF1: Monday 25/03/24 | AG1: Tuesday 26/03/25 | AH1: Wednesday 27/03/24 | AI1: Thursday 28/03/24 | AJ1: Friday 29/03/24 | AK1: Saturday 30/03/24 | AL1: Sunday 31/03/24 | AM1: Monday 01/04/2024 | AN1: Tuesday 02/04/2024 | AO1: Wednesday 03/04/2024 | AP1: Thursday 04/04/2024 | AQ1: Friday 05/04/2024 | AR1: Saturday 06/04/2024 | AS1: Sunday 07/04/2024 | AT1: Monday 08/04/2024 | AU1: Tuesday 09/04/2024 | AV1: Wednesday 10/04/2024 | AW1: Thursday 11/04/2024 | AX1: Friday 12/04/24 | AY1: Saturday 13/04/2024 | AZ1: Sunday 14/04/2024 | BA1: Monday 15/04/2024 | BB1: Tuesday 16/04/2024 | BC1: Wednesday 17/04/2024 | BD1: Thursday 18/04/2024 | BE1: Friday 19/04/24 | BF1: Saturday 20/04/2024 | BG1: Sunday 21/04/2024 | BH1: Monday 22/04/2024 | BI1: Tuesday 23/04/2024 | BJ1: Wednesday 24/04/2024 | BK1: Thursday 25/04/2024 | BL1: Friday 26/04/24 | BM1: Saturday 27/04/2024 | BN1: Sunday 28/04/2024 | BO1: Monday 29/04/2024 | BP1: Tuesday 30/04/2024 | BQ1: Wednesday 01/05/2024 | BR1: Thursday 02/05/2024 | BS1: Friday 03/05/24 | BT1: Saturday 04/05/2024 | BU1: Sunday 05/05/2024 | BV1: Monday 06/05/2024 | BW1: Tuesday 07/05/2024 | BX1: Wednesday 08/05/2024 | BY1: Thursday 09/05/2024 | BZ1: Friday 10/05/2024 | CA1: Saturday 11/05/2024 | CB1: Sunday 12/05/2024 | CC1: Monday 13/05/2024 | CD1: Tuesday 14/05/2024 | CE1: Wednesday 15/05/2024 | CF1: Thursday 16/05/2024 | CG1: Friday 17/05/24 | CH1: 45430 | CI1: 45431 | CJ1: 45432 | CK1: 45433 | CL1: 45434 | CM1: 45435 | CN1: 45436 | CO1: 45437 | CP1: 45438 | CQ1: 45439 | CR1: 45440 | CS1: 45441 | CT1: 45442 | CU1: 45443 | CV1: 45444 | CW1: 45445 | CX1: 45446 | CY1: 45447 | CZ1: 45448 | DA1: 45449 | DB1: 45450 | DC1: 45451 | DD1: 45452 | DE1: 45453 | DF1: 45454 | DG1: 45455 | DH1: 45456 | DI1: 45457 | DJ1: 45458 | DK1: 45459 | DL1: 45460 | DM1: 45461 | DN1: 45462 | DO1: 45463 | DP1: 45464 | DQ1: 45465 | DR1: 45466 | DS1: 45467 | DT1: 45468 | DU1: 45469 | DV1: 45470 | DW1: 45471 | DX1: 45472 | DY1: 45473 | DZ1: 45474 | EA1: 45475 | EB1: 45476 | EC1: 45477 | ED1: 45478 | EE1: 45479 | EF1: 45480 | EG1: 45481 | EH1: 45482 | EI1: 45483 | EJ1: 45484 | EK1: 45485 | EL1: 45486 | EM1: 45487 | EN1: 45488 | EO1: 45489 | EP1: 45490 | EQ1: 45491 | ER1: 45492 | ES1: 45493 | ET1: 45494 | EU1: 45495 | EV1: 45496 | EW1: 45497 | EX1: 45498 | EY1: 45499 | EZ1: 45500 | FA1: 45501 | FB1: 45502 | FC1: 45503 | FD1: 45504 | FE1: 45505 | FF1: 45506 | FG1: 45507 | FH1: 45508 | FI1: 45509 | FJ1: 45510 | FK1: 45511 | FL1: 45512 | FM1: 45513 | FN1: 45514 | FO1: 45515 | FP1: 45516 | FQ1: 45517 | FR1: 45518 | FS1: 45519 | FT1: 45520 | FU1: 45521 | FV1: 45522 | FW1: 45523 | FX1: 45524 | FY1: 45525 | FZ1: 45526 | GA1: 45527 | GB1: 45528 | GC1: 45529 | GD1: 45530 | GE1: 45531 | GF1: 45532 | GG1: 45533 | GH1: 45534 | GI1: 45535 | GJ1: 45536 | GK1: 45537 | GL1: 45538 | GM1: 45539 | GN1: 45540 | GO1: 45541 | GP1: 45542 | GQ1: 45543 | GR1: 45544 | GS1: 45545 | GT1: 45546 | GU1: 45547 | GV1: 45548 | GW1: 45549 | GX1: 45550 | GY1: 45551 | GZ1: 45552 | HA1: 45553 | HB1: 45554 | HC1: 45555 | HD1: 45556 | HE1: 45557 | HF1: 45558 | HG1: 45559 | HH1: 45560 | HI1: 45561 | HJ1: 45562 | HK1: 45563 | HL1: 45564 | HM1: 45565 | HN1: 45566 | HO1: 45567 | HP1: 45568 | HQ1: 45569 | HR1: 45570 | HS1: 45571 | HT1: 45572 | HU1: 45573 | HV1: 45574 | HW1: 45575 | HX1: 45576 | HY1: 45577 | HZ1: 45578 | IA1: 45579 | IB1: 45580 | IC1: 45581 | ID1: 45582 | IE1: 45583 | IF1: 45584 | IG1: 45585 | IH1: 45586 | II1: 45587 | IJ1: 45588 | IK1: 45589 | IL1: 45590 | IM1: 45591 | IN1: 45592 | IO1: 45593 | IP1: 45594 | IQ1: 45595 | IR1: 45596 | IS1: 45597 | IT1: 45598 | IU1: 45599 | IV1: 45600 | IW1: 45601 | IX1: 45602 | IY1: 45603 | IZ1: 45604 | JA1: 45605 | JB1: 45606 | JC1: 45607 | JD1: 45608 | JE1: 45609 | JF1: 45610 | JG1: 45611 | JH1: 45612 | JI1: 45613 | JJ1: 45614 | JK1: 45615 | JL1: 45616 | JM1: 45617 | JN1: 45618 | JO1: 45619 | JP1: 45620 | JQ1: 45621 | JR1: 45622 | JS1: 45623 | JT1: 45624 | JU1: 45625 | JV1: 45626 | JW1: 45627 | JX1: 45628 | JY1: 45629 | JZ1: 45630 | KA1: 45631 | KB1: 45632 | KC1: 45633 | KD1: 45634 | KE1: 45635 | KF1: 45636 | KG1: 45637 | KH1: 45638 | KI1: 45639 | KJ1: 45640 | KK1: 45641 | KL1: 45642 | KM1: 45643 | KN1: 45644 | KO1: 45645 | KP1: 45646 | KQ1: 45647 | KR1: 45648 | KS1: 45649 | KT1: 45650 | KU1: 45651 | KV1: 45652 | KW1: 45653 | KX1: 45654 | KY1: 45655 | KZ1: 45656 | LA1: 45657
A2: Service Desk
A3: Sarah Watkins | B3: Service Desk | C3: 1st Line | D3: Service Desk | E3: Service Desk | F3: Service Desk | G3: Service Desk | H3: Service Desk | K3: Service Desk | L3: Service Desk | M3: Service Desk | N3: Service Desk | O3: Service Desk | R3: Training | S3: Training | T3: Service Desk | U3: Service Desk | V3: Service Desk | Y3: Service Desk | Z3: Service Desk | AA3: Service Desk | AB3: Service Desk | AC3: Service Desk | AF3: Service Desk | AG3: Service Desk | AH3: Service Desk | AI3: Annual Leave | AJ3: BH | AM3: BH | AN3: Normal Work | AO3: Normal Work | AP3: Normal Work | AQ3: Normal Work | AT3: Normal Work | AU3: Normal Work | AV3: Normal Work | AW3: Normal Work | AX3: Normal Work | BA3: Normal Work | BB3: Normal Work | BC3: Normal Work | BD3: Normal Work | BE3: Leave | BH3: Normal Work | BI3: Normal Work | BJ3: Normal Work | BK3: Normal Work | BL3: Normal Work | BO3: Normal Work | BP3: Normal Work | BQ3: Normal Work | BR3: Normal Work | BS3: Normal Work | BV3: BH | BW3: Normal Work | BX3: Normal Work | BY3: Normal Work | BZ3: Normal Work | CC3: Normal Work | CD3: Normal Work | CE3: Normal Work | CF3: Normal Work | CG3: Normal Work | CJ3: Normal Work | CK3: Normal Work | CL3: Normal Work | CM3: Normal Work | CN3: Normal Work | CR3: Annual Leave | CS3: Normal Work | CT3: Normal Work | CU3: Normal Work | CX3: Normal Work | CY3: Normal Work | CZ3: Normal Work | DA3: Normal Work | DB3: Normal Work | DE3: Normal Work | DF3: Normal Work | DG3: Normal Work | DH3: Normal Work | DI3: Normal Work | DL3: Normal Work | DM3: Normal Work | DN3: Normal Work | DO3: Normal Work | DP3: Normal Work | DS3: Normal Work | DT3: Normal Work | DU3: Normal Work | DV3: Normal Work | DW3: Annual Leave | DZ3: Annual Leave | EA3: Annual Leave | EB3: Annual Leave | EC3: Annual Leave | ED3: Annual Leave | EG3: Normal Work | EH3: Normal Work | EI3: Normal Work | EJ3: Normal Work | EK3: Normal Work | EN3: Normal Work | EO3: Normal Work | EP3: Normal Work | EQ3: Normal Work | ER3: Normal Work | EU3: Annual Leave | EV3: Normal Work | EW3: Normal Work | EX3: Normal Work | EY3: Normal Work | FB3: Annual Leave | FC3: Normal Work | FD3: Normal Work | FE3: Normal Work | FF3: Normal Work | FI3: Annual Leave | FJ3: Normal Work | FK3: Normal Work | FL3: Normal Work | FM3: Normal Work | FP3: Annual Leave | FQ3: Annual Leave | FR3: Annual Leave | FS3: Normal Work | FT3: Normal Work | FW3: Annual Leave | FX3: Normal Work | FY3: Normal Work | FZ3: Normal Work | GA3: Normal Work | GE3: Normal Work | GF3: Normal Work | GG3: Normal Work | GH3: Annual Leave | GK3: Normal Work | GL3: Normal Work | GM3: Normal Work | GN3: Normal Work | GO3: Normal Work | GR3: Normal Work | GS3: Normal Work | GT3: Normal Work | GU3: Normal Work | GV3: Normal Work | GY3: Normal Work | GZ3: Normal Work | HA3: Normal Work | HB3: Normal Work | HC3: Normal Work | HF3: Normal Work | HG3: Normal Work | HH3: Normal Work | HI3: Normal Work | HJ3: Normal Work | HM3: Normal Work | HN3: Normal Work | HO3: Normal Work | HP3: Normal Work | HQ3: Normal Work | HT3: Normal Work | HU3: Normal Work | HV3: Normal Work | HW3: Normal Work | HX3: Normal Work | IA3: Normal Work | IB3: Normal Work | IC3: Normal Work | ID3: Normal Work | IE3: Normal Work | IH3: Normal Work | II3: Normal Work | IJ3: Normal Work | IK3: Normal Work | IL3: Annual Leave | IO3: Normal Work | IP3: Normal Work | IQ3: Normal Work | IR3: Normal Work | IS3: Normal Work | IV3: Normal Work | IW3: Normal Work | IX3: Normal Work | IY3: Normal Work | IZ3: Normal Work | JC3: Normal Work | JD3: Normal Work | JE3: Normal Work | JF3: Normal Work | JG3: Normal Work | JJ3: Normal Work | JK3: Normal Work | JL3: Normal Work | JM3: Normal Work | JN3: Normal Work | JQ3: Normal Work | JR3: Normal Work | JS3: Normal Work | JT3: Normal Work | JU3: Normal Work | JX3: Normal Work | JY3: Normal Work | JZ3: Normal Work | KA3: Normal Work | KB3: Normal Work | KE3: Normal Work | KF3: Normal Work | KG3: Normal Work | KH3: Normal Work | KI3: Normal Work | KL3: Normal Work | KM3: Normal Work | KN3: Normal Work | KO3: Normal Work | KP3: Normal Work | KS3: Normal Work | KT3: Annual Leave | KW3: Annual Leave | KZ3: Annual Leave | LA3: Annual Leave | MW3: Annual Leave | MX3: Annual Leave | MY3: Annual Leave | MZ3: Annual Leave | NA3: Annual Leave | QR3: Annual Leave | QS3: Annual Leave | QT3: Annual Leave | QU3: Annual Leave
A4: Jacob Martin | B4: Service Desk | C4: 1st Line | D4: Training | E4: Training | F4: Service Desk | G4: Exam / Service Desk | H4: Service Desk | K4: Training | L4: Training | M4: Service Desk | N4: Exam / Service Desk | O4: Service Desk | R4: PROJECTS | S4: PROJECTS | T4: Training | U4: Training | V4: Training | Y4: PROJECTS | Z4: PROJECTS | AA4: PROJECTS | AB4: Training | AC4: Training | AF4: Service Desk | AG4: Service Desk | AH4: PROJECTS | AI4: PROJECTS | AJ4: BH | AM4: BH | AN4: Projects | AO4: Projects | AP4: Annual Leave | AQ4: Annual Leave | AT4: Projects | AU4: Projects | AV4: Projects | AW4: Projects | AX4: Projects | BA4: Projects | BB4: Normal Work | BC4: Projects | BD4: Projects | BE4: Projects | BH4: Projects | BI4: Normal Work | BJ4: Normal Work | BK4: Normal Work | BL4: Normal Work | BO4: Normal Work | BP4: Normal Work | BQ4: Normal Work | BR4: Normal Work | BS4: Normal Work | BV4: BH | BW4: Normal Work | BX4: Normal Work | BY4: Normal Work | BZ4: Normal Work | CC4: Normal Work | CD4: Normal Work | CE4: Normal Work | CF4: Normal Work | CG4: Normal Work | CJ4: Normal Work | CK4: Normal Work | CL4: Projects | CM4: Normal Work | CN4: Normal Work | CR4: Annual Leave | CS4: Annual Leave | CT4: Annual Leave | CU4: Annual Leave | CX4: Normal Work | CY4: Normal Work | CZ4: Normal Work | DA4: Normal Work | DB4: Normal Work | DE4: Normal Work | DF4: Normal Work | DG4: Normal Work | DH4: Normal Work | DI4: Normal Work | DL4: Normal Work | DM4: Normal Work | DN4: Normal Work | DO4: Normal Work | DP4: Normal Work | DS4: Normal Work | DT4: Normal Work | DU4: Normal Work | DV4: Normal Work | DW4: Normal Work | DZ4: Normal Work | EA4: Normal Work | EB4: Normal Work | EC4: Normal Work | ED4: Normal Work | EG4: Normal Work | EH4: Normal Work | EI4: Normal Work | EJ4: Normal Work | EK4: Normal Work | EN4: Normal Work | EO4: Projects | EP4: Projects | EQ4: Normal Work | ER4: Normal Work | EU4: Annual Leave | EV4: Projects | EW4: Annual Leave | EX4: Annual Leave | EY4: Annual Leave | FB4: Normal Work | FC4: Normal Work | FD4: Normal Work | FE4: Normal Work | FF4: Annual Leave | FI4: Sickness | FJ4: Sickness | FK4: Normal Work | FL4: Normal Work | FM4: Normal Work | FP4: Normal Work | FQ4: Normal Work | FR4: Projects | FS4: Projects | FT4: Annual Leave | FW4: Annual Leave | FX4: Annual Leave | FY4: Annual Leave | FZ4: Annual Leave | GA4: Annual Leave | GE4: Normal Work | GF4: Normal Work | GG4: Normal Work | GH4: Normal Work | GK4: Normal Work | GL4: Normal Work | GM4: Normal Work | GN4: Normal Work | GO4: Normal Work | GR4: Normal Work | GS4: Normal Work | GT4: Normal Work | GU4: Normal Work | GV4: Normal Work | GY4: Normal Work | GZ4: Projects | HA4: Normal Work | HB4: Normal Work | HC4: Training | HF4: Normal Work | HG4: Normal Work | HH4: Normal Work | HI4: Normal Work | HJ4: Normal Work | HM4: Normal Work | HN4: Normal Work | HO4: Normal Work | HP4: Normal Work | HQ4: Normal Work | HT4: Normal Work | HU4: Normal Work | HV4: Normal Work | HW4: Normal Work | HX4: Normal Work | IA4: Normal Work | IB4: Normal Work | IC4: Sick | ID4: Normal Work | IE4: Normal Work | IH4: Normal Work | II4: Normal Work | IJ4: Normal Work | IK4: Normal Work | IL4: Normal Work | IO4: Normal Work | IP4: Normal Work | IQ4: Annual Leave | IR4: Annual Leave | IS4: Annual Leave | IV4: Normal Work | IW4: Normal Work | IX4: Normal Work | IY4: Normal Work | IZ4: Normal Work | JC4: Normal Work | JD4: Normal Work | JE4: GHC SD | JF4: GHC SD | JG4: GHC SD | JJ4: Normal Work | JK4: GHC SD | JL4: GHC SD | JM4: Normal Work | JN4: Normal Work | JQ4: GHC SD | JR4: Normal Work | JS4: Normal Work | JT4: Annual Leave | JU4: Annual Leave | JX4: Annual Leave | JY4: GHC SD | JZ4: GHC SD | KA4: GHC SD | KB4: GHC SD | KE4: GHC IT Audit | KF4: GHC IT Audit | KG4: GHC IT Audit | KH4: GHC IT Audit | KI4: GHC IT Audit | KL4: GHC IT Audit | KM4: GHC IT Audit | KN4: GHC IT Audit | KO4: GHC IT Audit | KP4: Normal Work | KQ4: On-call | KR4: On-call | KS4: Normal Work | KT4: Normal Work | KV4: On-Call | KW4: Annual Leave | KZ4: Normal Work | LA4: Normal Work
A5: Dan Carter | B5: Service Desk | C5: 2nd Line | D5: OST PROJECT | E5: OST PROJECT | F5: OST PROJECT | G5: OST PROJECT | H5: Annual Leave | K5: Annual Leave | L5: Service Desk | M5: Service Desk | N5: Service Desk | O5: Service Desk | R5: Service Desk | S5: Service Desk | T5: Service Desk | U5: Service Desk | V5: Service Desk | Y5: Service Desk | Z5: Service Desk | AA5: Service Desk | AB5: Service Desk | AC5: Annual Leave | AF5: Annual Leave | AG5: Service Desk | AH5: Service Desk | AI5: Annual Leave | AJ5: BH | AM5: BH | AN5: Normal Work | AO5: Normal Work | AP5: Normal Work | AQ5: Normal Work | AT5: Normal Work | AU5: Normal Work | AV5: Normal Work | AW5: Normal Work | AX5: Normal Work | BA5: Normal Work | BB5: Normal Work | BC5: Normal Work | BD5: Normal Work | BE5: Normal Work | BH5: Normal Work | BI5: Normal Work | BJ5: Normal Work | BK5: Normal Work | BL5: Normal Work | BO5: Annual Leave | BP5: Normal Work | BQ5: Normal Work | BR5: Normal Work | BS5: Normal Work | BV5: BH | BW5: Normal Work | BX5: Normal Work | BY5: Normal Work | BZ5: Normal Work | CC5: Normal Work | CD5: Normal Work | CE5: Normal Work | CF5: Normal Work | CG5: Normal Work | CJ5: A/L | CK5: A/L | CL5: Normal Work | CM5: Normal Work | CN5: Normal Work | CR5: Normal Work | CS5: Normal Work | CT5: Normal Work | CU5: Normal Work | CX5: Normal Work | CY5: Normal Work | CZ5: Normal Work | DA5: Normal Work | DB5: Normal Work | DE5: Annual Leave | DF5: Annual Leave | DG5: Annual Leave | DH5: Normal Work | DI5: Normal Work | DL5: Normal Work | DM5: Sick Leave | DN5: Normal Work | DO5: Normal Work | DP5: Annual Leave | DS5: Normal Work | DT5: Normal Work | DU5: Normal Work | DV5: Normal Work | DW5: Normal Work | DZ5: Normal Work | EA5: Normal Work | EB5: Normal Work | EC5: Normal Work | ED5: Normal Work | EG5: Normal Work | EH5: Normal Work | EI5: Normal Work | EJ5: Normal Work | EK5: Normal Work | EN5: Normal Work | EO5: Normal Work | EP5: Normal Work | EQ5: Normal Work | ER5: Normal Work | EU5: Normal Work | EV5: Normal Work | EW5: Normal Work | EX5: Normal Work | EY5: Normal Work | FB5: Normal Work | FC5: Normal Work | FD5: Normal Work | FE5: Normal Work | FF5: Normal Work | FI5: Annual Leave | FJ5: Normal Work | FK5: Normal Work | FL5: Normal Work | FM5: Normal Work | FP5: Normal Work | FQ5: Normal Work | FR5: Normal Work | FS5: Normal Work | FT5: Normal Work | FW5: Normal Work | FX5: Normal Work | FY5: Normal Work | FZ5: Normal Work | GA5: Normal Work | GE5: Normal Work | GF5: Normal Work | GG5: Normal Work | GH5: Normal Work | GK5: Normal Work | GL5: Normal Work | GM5: Normal Work | GN5: Normal Work | GO5: Normal Work | GR5: Annual Leave | GS5: Annual Leave | GT5: Annual Leave | GU5: Normal Work | GV5: Normal Work | GY5: Normal Work | GZ5: Normal Work | HA5: Normal Work | HB5: Normal Work | HC5: Normal Work | HF5: Normal Work | HG5: Normal Work | HH5: Normal Work | HI5: Normal Work | HJ5: Normal Work | HM5: Normal Work | HN5: Normal Work | HO5: Normal Work | HP5: Normal Work | HQ5: Normal Work | HT5: Normal Work | HU5: Normal Work | HV5: Normal Work | HW5: Normal Work | HX5: Normal Work | IA5: Normal Work | IB5: Normal Work | IC5: Normal Work | ID5: Normal Work | IE5: Normal Work | IH5: Normal Work | II5: Normal Work | IJ5: Normal Work | IK5: Normal Work | IL5: Normal Work | IO5: Normal Work | IP5: Normal Work | IQ5: Normal Work | IR5: Normal Work | IS5: Normal Work | IV5: Sick | IW5: Normal Work | IX5: Normal Work | IY5: Normal Work | IZ5: Normal Work | JC5: Normal Work | JD5: Normal Work | JE5: Normal Work | JF5: Normal Work | JG5: Normal Work | JJ5: Normal Work | JK5: Normal Work | JL5: Normal Work | JM5: Normal Work | JN5: Normal Work | JQ5: Normal Work | JR5: Normal Work | JS5: Normal Work | JT5: Normal Work | JU5: Normal Work | JX5: Normal Work | JY5: Normal Work | JZ5: GHC IT Audit | KA5: GHC IT Audit | KB5: Normal Work | KE5: Normal Work | KF5: Normal Work | KG5: GHC IT Audit | KH5: GHC IT Audit | KI5: Normal Work | KL5: Normal Work | KM5: Normal Work | KN5: Normal Work | KO5: Normal Work | KP5: Normal Work | KS5: Normal Work | KT5: Normal Work | KU5: On-Call | KW5: Normal Work | KX5: On-Call | KY5: On-Call | KZ5: Normal Work | LA5: Normal Work | LP5: Annual Leave | LQ5: Annual Leave | LR5: Annual Leave | LS5: Annual Leave | LT5: Annual Leave | LU5: Annual Leave | LV5: Annual Leave | LW5: Annual Leave | LX5: Annual Leave | LY5: Annual Leave | LZ5: Annual Leave | MA5: Annual Leave | MB5: Annual Leave | MC5: Annual Leave | MD5: Annual Leave
A6: Will Workman | B6: Service Desk | C6: 2nd Line | D6: Annual Leave | E6: Annual Leave | F6: Annual Leave | G6: Service Desk | H6: Service Desk | K6: Service Desk | L6: Service Desk | M6: Service Desk | N6: Service Desk | O6: Service Desk | R6: Service Desk | S6: Service Desk | T6: Service Desk | U6: Service Desk | V6: Service Desk | Y6: OST Project | Z6: OST Project | AA6: OST Project | AB6: OST Project | AC6: OST Project | AF6: OST Project | AG6: OST Project | AH6: OST Project | AI6: OST Project | AJ6: BH | AM6: BH | AN6: Normal Work | AO6: Normal Work | AP6: Normal Work | AQ6: Normal Work | AT6: OST Project | AU6: OST Project | AV6: OST Project | AW6: Normal Work | AX6: Normal Work | BA6: Normal Work | BB6: Normal Work | BC6: Normal Work | BD6: Normal Work | BE6: Normal Work | BH6: Normal Work | BI6: Normal Work | BJ6: Normal Work | BK6: Annual Leave | BL6: Normal Work | BO6: Normal Work | BP6: Normal Work | BQ6: Normal Work | BR6: Normal Work | BS6: Normal Work | BV6: BH | BW6: Normal Work | BX6: Normal Work | BY6: Normal Work | BZ6: Normal Work | CD6: Normal Work | CE6: Normal Work | CF6: Normal Work | CG6: Normal Work | CJ6: Normal Work | CK6: Normal Work | CL6: Normal Work | CM6: Normal Work | CN6: Normal Work | CX6: Normal Work | CY6: Normal Work | DA6: Normal Work | DB6: Normal Work | DL6: Normal Work | DM6: Normal Work | DN6: Normal Work | DO6: Normal Work | DP6: Normal Work | DT6: Normal Work | DU6: Normal Work | DV6: Normal Work | DW6: Normal Work | DZ6: Normal Work | EA6: Normal Work | EB6: Normal Work | EC6: Normal Work | ED6: Normal Work | EG6: Normal Work | EH6: Normal Work | EI6: Normal Work | EJ6: Normal Work | EN6: Normal Work | EO6: Normal Work | EP6: Normal Work | EQ6: Normal Work | ER6: Normal Work | EU6: Normal Work | EV6: Normal Work | EW6: Normal Work | EX6: Normal Work | FB6: Normal Work | FC6: Normal Work | FD6: Normal Work | FE6: Normal Work | FF6: Normal Work | FJ6: Normal Work | FK6: Normal Work | FP6: Normal Work | FQ6: Normal Work | FR6: Normal Work | FS6: Normal Work | FT6: Normal Work | GE6: Normal Work | GF6: Normal Work | GG6: Normal Work | GH6: Normal Work | GK6: Normal Work | GL6: Normal Work | GM6: Normal Work | GN6: Normal Work | GO6: Normal Work | GY6: Normal Work | GZ6: Normal Work | HA6: Normal Work | HB6: Normal Work | HT6: Normal Work | HU6: Normal Work | HV6: Normal Work | HW6: Normal Work | HX6: Normal Work | IA6: Normal Work | IB6: Normal Work | IC6: Normal Work | ID6: Normal Work | IE6: Normal Work | II6: Normal Work | IJ6: Normal Work | IK6: Normal Work | IL6: Normal Work | IO6: Normal Work | IP6: Normal Work | IQ6: Normal Work | IW6: Normal Work | IX6: Normal Work | IY6: Normal Work | IZ6: Normal Work | JC6: Normal Work | JD6: Normal Work | JJ6: Normal Work | JK6: Normal Work | JL6: Normal Work | JM6: Normal Work | JZ6: Normal Work | KB6: Normal Work | KT6: Normal Work
A7: James Norman | B7: Service Desk | C7: 3rd Line | D7: Service Desk | E7: Service Desk | F7: Service Desk | G7: Service Desk | H7: Service Desk | K7: Service Desk | L7: Service Desk | M7: Annual Leave | N7: Service Desk | O7: Annual Leave | R7: OST PROJECT | S7: OST PROJECT | T7: Service Desk | U7: Service Desk | V7: Service Desk | Y7: GHC Server Day | Z7: Service Desk | AA7: Training | AB7: Training | AC7: Service Desk | AF7: Service Desk | AG7: Service Desk | AH7: Service Desk | AI7: Service Desk | AJ7: BH | AM7: BH | AN7: Normal Work | AO7: OST Project | AP7: OST Project | AQ7: OST Project | AT7: Normal Work | AU7: Normal Work | AV7: Normal Work | AW7: Normal Work | AX7: Annual Leave | BA7: Annual Leave | BB7: Annual Leave | BC7: Annual Leave | BD7: Annual Leave | BE7: Annual Leave | BH7: OST Project | BI7: OST Project | BJ7: OST Project | BK7: OST Project | BL7: OST Project | BO7: Normal Work | BP7: Normal Work | BQ7: Normal Work | BR7: Normal Work | BS7: Normal Work | BV7: BH | BW7: Normal Work | BX7: Normal Work | BY7: Normal Work | BZ7: Normal Work | CC7: Normal Work | CD7: Normal Work | CE7: Normal Work | CF7: Normal Work | CG7: Normal Work | CJ7: Normal Work | CK7: Normal Work | CL7: Normal Work | CM7: Normal Work | CN7: Normal Work | CR7: Annual Leave | CS7: Normal Work | CT7: Normal Work | CU7: Normal Work | CX7: Normal Work | CY7: Normal Work | CZ7: Normal Work | DA7: Normal Work | DB7: Normal Work | DE7: Normal Work | DF7: Normal Work | DG7: Normal Work | DH7: Normal Work | DI7: Normal Work | DL7: Normal Work | DM7: Normal Work | DN7: Normal Work | DO7: Normal Work | DP7: Normal Work | DS7: Normal Work | DT7: Normal Work | DU7: Normal Work | DV7: Normal Work | DW7: Normal Work | DZ7: Normal Work | EA7: Normal Work | EB7: Normal Work | EC7: Normal Work | ED7: Normal Work | EG7: Normal Work | EH7: Normal Work | EI7: Normal Work | EJ7: Normal Work | EK7: Annual Leave | EN7: Normal Work | EO7: Normal Work | EP7: Normal Work | EQ7: Normal Work | ER7: Normal Work | EU7: Normal Work | EV7: Normal Work | EW7: Normal Work | EX7: Normal Work | EY7: Annual Leave | FB7: Normal Work | FC7: Normal Work | FD7: Normal Work | FE7: Normal Work | FF7: Normal Work | FI7: Normal Work | FJ7: Normal Work | FK7: Normal Work | FL7: Annual Leave | FM7: Annual Leave | FP7: Normal Work | FQ7: Normal Work | FR7: Normal Work | FS7: Normal Work | FT7: Normal Work | FW7: Normal Work | FX7: Normal Work | FY7: Normal Work | FZ7: Normal Work | GA7: Annual Leave | GE7: Normal Work | GF7: Normal Work | GG7: Normal Work | GH7: Normal Work | GK7: Normal Work | GL7: Annual Leave | GM7: Normal Work | GN7: Normal Work | GO7: Normal Work | GR7: Normal Work | GS7: Normal Work | GT7: Normal Work | GU7: Normal Work | GV7: Normal Work | GY7: Normal Work | GZ7: Normal Work | HA7: Normal Work | HB7: Normal Work | HC7: Training | HF7: Normal Work | HG7: Normal Work | HH7: Normal Work | HI7: Annual Leave | HJ7: Annual Leave | HM7: Annual Leave | HN7: Annual Leave | HO7: Normal Work | HP7: Normal Work | HQ7: Normal Work | HT7: Normal Work | HU7: Normal Work | HV7: Normal Work | HW7: Normal Work | HX7: Normal Work | IA7: Normal Work | IB7: Normal Work | IC7: Normal Work | ID7: Normal Work | IE7: Normal Work | IH7: Annual Leave | II7: Normal Work | IJ7: Normal Work | IK7: Normal Work | IL7: Normal Work | IO7: Normal Work | IP7: Normal Work | IQ7: Normal Work | IR7: Normal Work | IS7: Normal Work | IV7: Normal Work | IW7: Normal Work | IX7: Normal Work | IY7: Normal Work | IZ7: Normal Work | JC7: Normal Work | JD7: Normal Work | JE7: GHC SD | JF7: GHC SD | JG7: GHC SD | JJ7: Normal Work | JK7: Normal Work | JL7: Normal Work | JM7: GHC SD | JN7: GHC SD | JQ7: Normal Work | JR7: GHC SD | JS7: GHC SD | JT7: GHC SD | JU7: GHC SD | JX7: Sick Leave | JY7: Normal Work | JZ7: Normal Work | KA7: Normal Work | KB7: Normal Work | KE7: GHC SD | KF7: GHC SD | KG7: GHC SD | KH7: GHC SD | KI7: GHC SD | KL7: Normal Work | KM7: Normal Work | KN7: Normal Work | KO7: Annual Leave | KP7: Annual Leave | KS7: Normal Work | KT7: Normal Work | KW7: Annual Leave | KZ7: Annual Leave | LA7: Annual Leave
A8: Luke Rothwell | B8: Service Desk | C8: 3rd Line | D8: Service Desk | E8: Service Desk | F8: Service Desk | G8: Service Desk | H8: Service Desk | K8: Service Desk | L8: Service Desk | M8: Service Desk | N8: Service Desk | O8: Service Desk | R8: Service Desk | S8: Service Desk | T8: Training | U8: Training | V8: Service Desk | Y8: Ingenia on-site | Z8: GHC Server Day | AA8: Service Desk | AB8: Service Desk | AC8: Projects | AF8: Service Desk | AG8: Service Desk | AH8: Service Desk | AI8: Service Desk | AJ8: BH | AM8: BH | AN8: Normal Work | AO8: Projects | AP8: Normal Work | AQ8: Normal Work | AT8: Normal Work | AU8: Normal Work | AV8: Normal Work | AW8: Normal Work | AX8: Normal Work | BA8: Normal Work | BB8: Normal Work | BC8: Normal Work | BD8: Normal Work | BE8: Normal Work | BH8: Normal Work | BI8: Normal Work | BJ8: Normal Work | BK8: Normal Work | BL8: Normal Work | BO8: Annual Leave | BP8: Annual Leave | BQ8: Annual Leave | BR8: Annual Leave | BS8: Annual Leave | BV8: BH | BW8: Annual Leave | BX8: Normal Work | BY8: Normal Work | BZ8: Normal Work | CC8: Normal Work | CD8: Normal Work | CE8: Normal Work | CF8: Annual Leave | CG8: Normal Work | CJ8: Normal Work | CK8: Normal Work | CL8: Normal Work | CM8: Normal Work | CN8: Normal Work | CR8: Training | CS8: Training | CT8: Training | CU8: Normal Work | CX8: Normal Work | CY8: Normal Work | CZ8: Normal Work | DA8: OST Work | DB8: Normal Work | DE8: Annual Leave | DF8: Annual Leave | DG8: Annual Leave | DH8: Annual Leave | DI8: Annual Leave | DL8: Annual Leave | DM8: Annual Leave | DN8: Normal Work | DO8: OST Work | DP8: Normal Work | DS8: Normal Work | DT8: Normal Work | DU8: Normal Work | DV8: Normal Work | DW8: Normal Work | DZ8: Normal Work | EA8: Normal Work | EB8: Normal Work | EC8: Normal Work | ED8: Annual Leave | EG8: Normal Work | EH8: Normal Work | EI8: Normal Work | EJ8: Normal Work | EK8: Normal Work | EN8: Normal Work | EO8: Normal Work | EP8: Normal Work | EQ8: Normal Work | ER8: Normal Work | EU8: Normal Work | EV8: Normal Work | EW8: Normal Work | EX8: Training | EY8: Training | FB8: Normal Work | FC8: Normal Work | FD8: Normal Work | FE8: Normal Work | FF8: Normal Work | FI8: Normal Work | FJ8: Normal Work | FK8: Normal Work | FL8: Normal Work | FM8: Normal Work | FP8: Normal Work | FQ8: Normal Work | FR8: Normal Work | FS8: Normal Work | FT8: Normal Work | FW8: Normal Work | FX8: Normal Work | FY8: Normal Work | FZ8: Normal Work | GA8: Normal Work | GE8: Normal Work | GF8: Normal Work | GG8: Normal Work | GH8: Normal Work | GK8: Normal Work | GL8: Normal Work | GM8: Normal Work | GN8: Normal Work | GO8: Normal Work | GR8: Normal Work | GS8: Normal Work | GT8: Normal Work | GU8: Normal Work | GV8: Normal Work | GY8: Normal Work | GZ8: Normal Work | HA8: Normal Work | HB8: Normal Work | HC8: Training | HF8: Annual Leave | HG8: Annual Leave | HH8: Annual Leave | HI8: Annual Leave | HJ8: Annual Leave | HM8: Annual Leave | HN8: Annual Leave | HO8: Annual Leave | HP8: Normal Work | HQ8: Normal Work | HT8: Normal Work | HU8: Normal Work | HV8: Normal Work | HW8: Normal Work | HX8: Normal Work | IA8: Normal Work | IB8: Normal Work | IC8: Normal Work | ID8: Normal Work | IE8: Normal Work | IH8: Normal Work | II8: Normal Work | IJ8: Normal Work | IK8: Normal Work | IL8: Normal Work | IO8: Normal Work | IP8: Normal Work | IQ8: Normal Work | IR8: Normal Work | IS8: Normal Work | IV8: Normal Work | IW8: Normal Work | IX8: Normal Work | IY8: Normal Work | IZ8: Normal Work | JC8: Normal Work | JD8: Normal Work | JE8: Normal Work | JF8: Normal Work | JG8: Normal Work | JJ8: Normal Work | JK8: Normal Work | JL8: Normal Work | JM8: Normal Work | JN8: Normal Work | JQ8: Normal Work | JR8: Normal Work | JS8: Normal Work | JT8: Normal Work | JU8: Normal Work | JX8: Normal Work | JY8: Normal Work | JZ8: Normal Work | KA8: Normal Work | KB8: Annual Leave | KE8: Training | KF8: Training | KG8: Training | KH8: Training | KI8: Normal Work | KL8: Normal Work | KM8: Normal Work | KN8: Normal Work | KO8: Normal Work | KP8: Normal Work | KQ8: On-call | KR8: On-call | KS8: Normal Work | KT8: Normal Work | KW8: Normal Work | KZ8: Annual Leave | LA8: Annual Leave
A9: Ben Lockhart | B9: Projects | C9: Projects | D9: Normal Work | E9: Normal Work | F9: Normal Work | G9: Normal Work | H9: Normal Work | K9: Normal Work | L9: Normal Work | M9: Normal Work | N9: Normal Work | O9: Normal Work | R9: Normal Work | S9: Normal Work | T9: Normal Work | U9: Normal Work | V9: Normal Work | Y9: Normal Work | Z9: Normal Work | AA9: Normal Work | AB9: Normal Work | AC9: Normal Work | AF9: Normal Work | AG9: Normal Work | AH9: Normal Work | AI9: Normal Work | AJ9: BH | AM9: BH | AN9: Annual Leave | AO9: Annual Leave | AP9: Annual Leave | AQ9: Annual Leave | AT9: Yondr | AU9: Yondr | AV9: Yondr | AW9: Yondr | AX9: Yondr | BA9: Yondr | BB9: Yondr | BC9: Yondr | BD9: Yondr | BE9: Yondr | BH9: Yondr | BI9: Yondr | BJ9: Yondr | BK9: Yondr | BL9: Yondr | BO9: Normal Work | BP9: Normal Work | BQ9: Normal Work | BR9: Normal Work | BS9: Normal Work | BV9: BH | BW9: Normal Work | BX9: Normal Work | BY9: Normal Work | BZ9: Normal Work | CC9: Normal Work | CD9: Normal Work | CE9: Normal Work | CF9: Normal Work | CG9: Normal Work | CJ9: Normal Work | CK9: Normal Work | CL9: Normal Work | CM9: Normal Work | CN9: Normal Work | CR9: Normal Work | CS9: Normal Work | CT9: Normal Work | CU9: Normal Work | CX9: Normal Work | CY9: Normal Work | CZ9: Normal Work | DA9: Normal Work | DB9: Normal Work | DE9: Normal Work | DF9: Normal Work | DG9: Normal Work | DH9: Normal Work | DI9: Normal Work | DL9: Normal Work | DM9: Normal Work | DN9: Normal Work | DO9: Normal Work | DP9: Normal Work | DS9: Normal Work | DT9: Normal Work | DU9: Normal Work | DV9: Normal Work | DW9: Normal Work | DZ9: Normal Work | EA9: Normal Work | EB9: Normal Work | EC9: Normal Work | ED9: Normal Work | EG9: Normal Work | EH9: Normal Work | EI9: Normal Work | EJ9: Normal Work | EK9: Annual Leave | EN9: Annual Leave | EO9: Normal Work | EP9: Normal Work | EQ9: Normal Work | ER9: Normal Work | EU9: Annual Leave | EV9: Projects | EW9: Projects | EX9: Training | EY9: Training | FB9: Normal Work | FC9: Projects | FD9: Projects | FE9: Projects | FF9: Projects | FI9: Projects | FJ9: Normal Work | FK9: Normal Work | FL9: Normal Work | FM9: Annual Leave | FP9: Annual Leave | FQ9: Annual Leave | FR9: Annual Leave | FS9: Annual Leave | FT9: Annual Leave | FW9: Annual Leave | FX9: Annual Leave | FY9: Annual Leave | FZ9: Annual Leave | GA9: Annual Leave | GE9: Normal Work | GF9: Normal Work | GG9: Normal Work | GH9: Normal Work | GK9: Normal Work | GL9: Normal Work | GM9: Normal Work | GN9: Normal Work | GO9: Normal Work | GR9: Normal Work | GS9: Normal Work | GT9: Normal Work | GU9: Normal Work | GV9: Normal Work | GY9: Normal Work | GZ9: Normal Work | HA9: Normal Work | HB9: Normal Work | HC9: Training | HF9: Normal Work | HG9: Normal Work | HH9: Normal Work | HI9: Training | HJ9: Training | HM9: Normal Work | HN9: Normal Work | HO9: Normal Work | HP9: Normal Work | HQ9: Normal Work | HT9: Normal Work | HU9: Normal Work | HV9: Normal Work | HW9: Normal Work | HX9: Normal Work | IA9: Normal Work | IB9: Normal Work | IC9: Normal Work | ID9: Normal Work | IE9: Normal Work | IH9: Normal Work | II9: Normal Work | IJ9: Normal Work | IK9: Normal Work | IL9: Normal Work | IO9: Normal Work | IP9: Normal Work | IQ9: Normal Work | IR9: Normal Work | IS9: Normal Work | IV9: Normal Work | IW9: Normal Work | IX9: Normal Work | IY9: Normal Work | IZ9: Annual Leave | JC9: Annual Leave | JD9: Annual Leave | JE9: Annual Leave | JF9: Annual Leave | JG9: Annual Leave | JJ9: Normal Work | JK9: Normal Work | JL9: Normal Work | JM9: Normal Work | JN9: Normal Work | JQ9: Normal Work | JR9: Normal Work | JS9: Normal Work | JT9: Normal Work | JU9: Normal Work | JX9: Normal Work | JY9: Normal Work | JZ9: Normal Work | KA9: Normal Work | KB9: Normal Work | KE9: Training | KF9: Training | KG9: Training | KH9: Training | KI9: Normal Work | KL9: Normal Work | KM9: Normal Work | KN9: Normal Work | KO9: Normal Work | KP9: Normal Work | KS9: Annual Leave | KT9: Annual Leave | KW9: Annual Leave | KZ9: Normal Work | LA9: Normal Work
A10: Tom Harber | B10: Service Desk | C10: Service | AT10: Projects | AU10: Normal Work | AV10: Normal Work | AW10: Normal Work | AX10: Normal Work | BA10: Normal Work | BB10: Normal Work | BC10: Normal Work | BD10: Normal Work | BE10: Normal Work | BH10: College | BI10: College | BJ10: College | BK10: College | BL10: College | CC10: Illness | CD10: Normal Work | CE10: Normal Work | CF10: Normal Work | CG10: Normal Work | CJ10: Normal Work | CK10: Normal Work | CL10: Normal Work | CM10: Normal Work | CN10: Normal Work | CR10: Normal Work | CS10: Normal Work | CT10: Normal Work | CU10: Normal Work | CX10: College | CY10: College | CZ10: College | DA10: College | DB10: College | DE10: Normal Work | DF10: Normal Work | DG10: Normal Work | DH10: Normal Work | DI10: Normal Work | DL10: Normal Work | DM10: Normal Work | DN10: Normal Work | DO10: Normal Work | DP10: Normal Work | DS10: Normal Work | DT10: Normal Work | DU10: Normal Work | DV10: Normal Work | DW10: Normal Work | DZ10: Normal Work | EA10: Normal Work | EB10: Normal Work | EC10: Normal Work | ED10: Normal Work | EG10: College | EH10: College | EI10: College | EJ10: College | EK10: College | EN10: Normal Work | EO10: Normal Work | EP10: Normal Work | EQ10: Absent | ER10: Absent | FI10: Annual Leave | FJ10: Annual Leave | FK10: Annual Leave | FL10: Annual Leave | FM10: Annual Leave | FP10: Normal Work | FQ10: Normal Work | FR10: Normal Work | FS10: Normal Work | FT10: Normal Work | FW10: Normal Work | FX10: Normal Work | FY10: Normal Work | FZ10: Normal Work | GA10: Normal Work | GE10: Normal Work | GF10: Normal Work | GG10: Normal Work | GH10: Normal Work | GK10: Annual Leave | GL10: Normal Work | GM10: Normal Work | GN10: Normal Work | GO10: Normal Work | GR10: Annual Leave | GS10: Annual Leave | GT10: Annual Leave | GU10: Annual Leave | GV10: Annual Leave | GY10: Annual Leave | GZ10: Annual Leave | HA10: Annual Leave | HB10: Annual Leave | HC10: Annual Leave | HF10: Normal Work | HG10: Normal Work | HH10: Normal Work | HI10: Normal Work | HJ10: Normal Work | HM10: Normal Work | HN10: Normal Work | HO10: Normal Work | HP10: Normal Work | HQ10: Normal Work | HT10: Normal Work | HU10: Normal Work | HV10: Normal Work | HW10: Normal Work | HX10: Normal Work | IA10: Normal Work | IB10: Normal Work | IC10: Normal Work | ID10: Normal Work | IE10: Normal Work | IH10: Normal Work | II10: Normal Work | IJ10: Normal Work | IK10: Normal Work | IL10: Normal Work | IO10: Normal Work | IP10: Normal Work | IQ10: Normal Work | IR10: Normal Work | IS10: Normal Work | IV10: Normal Work | IW10: Normal Work | IX10: Normal Work | IY10: Normal Work | IZ10: Normal Work | JC10: Normal Work | JD10: Normal Work | JE10: Normal Work | JF10: Normal Work | JG10: Normal Work | JJ10: Normal Work | JK10: Normal Work | JL10: Normal Work | JM10: Normal Work | JN10: Normal Work | JQ10: Normal Work | JR10: Normal Work | JS10: Normal Work | JT10: Normal Work | JU10: Normal Work | JX10: GHC IT Audit | JY10: GHC IT Audit | JZ10: GHC IT Audit | KA10: GHC IT Audit | KB10: GHC IT Audit | KE10: Annual Leave | KF10: Annual Leave | KG10: Annual Leave | KH10: Annual Leave | KI10: Annual Leave | KL10: Annual Leave | KM10: GHC IT Audit | KN10: GHC IT Audit | KO10: GHC IT Audit | KP10: GHC IT Audit | KS10: GHC IT Audit | KT10: GHC IT Audit | KW10: Annual Leave | KZ10: GHC IT Audit | LA10: GHC IT Audit
A11: OST BaB
A12: Eddie Beebee | B12: Build-a-Bear | C12: OST | D12: Normal Work | E12: Normal Work | F12: Normal Work | G12: Normal Work | H12: Normal Work | K12: Normal Work | L12: Normal Work | M12: Normal Work | N12: Normal Work | O12: Normal Work | R12: Normal Work | S12: Normal Work | T12: Normal Work | U12: Ingenia VPN | V12: Normal Work | Y12: Normal Work | Z12: Normal Work | AA12: Normal Work | AB12: Normal Work | AC12: Normal Work | AF12: Training | AG12: Training | AH12: Normal Work | AI12: Normal Work | AJ12: BH | AM12: BH | AN12: Normal Work | AQ12: Normal Work | AT12: Normal Work | AU12: Normal Work | AV12: Normal Work | AW12: Normal Work | AX12: Normal Work | BA12: Normal Work | BB12: Normal Work | BC12: Normal Work | BD12: Normal Work | BE12: Normal Work | BH12: Normal Work | BI12: Normal Work | BJ12: Normal Work | BK12: Normal Work | BL12: Normal Work | BO12: Normal Work | BP12: Normal Work | BQ12: Normal Work | BR12: Normal Work | BS12: Normal Work | BV12: BH | BW12: Normal Work | BX12: Normal Work | BY12: Normal Work | BZ12: Normal Work | CC12: Normal Work | CD12: Normal Work | CE12: Normal Work | CF12: Normal Work | CG12: Normal Work | CJ12: Normal Work | CK12: Normal Work | CL12: Normal Work | CM12: Normal Work | CN12: Normal Work | CR12: Service Desk | CS12: Normal Work | CT12: Service Desk | CU12: Normal Work | CX12: Normal Work | CY12: Normal Work | CZ12: Normal Work | DA12: Normal Work | DB12: Normal Work | DE12: Annual Leave | DF12: Normal Work | DG12: Normal Work | DH12: Normal Work | DI12: Normal Work | DL12: Annual Leave | DM12: Normal Work | DN12: Normal Work | DO12: Normal Work | DP12: Annual Leave | DS12: Normal Work | DT12: Normal Work | DU12: Annual Leave | DV12: Normal Work | DW12: Normal Work | DZ12: Annual Leave | EA12: Normal Work | EB12: Normal Work | EC12: Normal Work | ED12: Normal Work | EG12: Normal Work | EH12: Normal Work | EI12: Normal Work | EJ12: Annual Leave | EK12: Annual Leave | EN12: Annual Leave | EO12: Normal Work | EP12: Normal Work | EQ12: Normal Work | ER12: Normal Work | EU12: Normal Work | EV12: Normal Work | EW12: Normal Work | EX12: Normal Work | EY12: Normal Work | FB12: Normal Work | FC12: Normal Work | FD12: Normal Work | FE12: Normal Work | FF12: Annual Leave | FI12: Annual Leave | FJ12: Annual Leave | FK12: Annual Leave | FL12: Annual Leave | FM12: Annual Leave | FP12: Annual Leave | FQ12: Normal Work | FR12: Projects | FS12: Normal Work | FT12: Normal Work | FW12: Normal Work | FX12: Normal Work | FY12: Normal Work | FZ12: Normal Work | GA12: Normal Work | GE12: Normal Work | GF12: Normal Work | GG12: Normal Work | GH12: Normal Work | GK12: Normal Work | GL12: Projects | GM12: Projects | GN12: Normal Work | GO12: Normal Work | GR12: Normal Work | GS12: Normal Work | GT12: Normal Work | GU12: Normal Work | GV12: Normal Work | GY12: Normal Work | GZ12: Normal Work | HA12: Normal Work | HB12: Normal Work | HC12: Normal Work | HF12: Normal Work | HG12: Normal Work | HH12: Normal Work | HI12: Normal Work | HJ12: Annual Leave | HM12: Annual Leave | HN12: Normal Work | HO12: Normal Work | HP12: Normal Work | HQ12: Normal Work | HT12: Annual Leave | HU12: Normal Work | HV12: Normal Work | HW12: Normal Work | HX12: Normal Work | IA12: Normal Work | IB12: Normal Work | IC12: Normal Work | ID12: Normal Work | IE12: Normal Work | IH12: Normal Work | II12: Normal Work | IJ12: Normal Work | IK12: Training | IL12: Training | IO12: Normal Work | IP12: Normal Work | IQ12: Normal Work | IR12: Normal Work | IS12: Normal Work | IV12: Normal Work | IW12: Normal Work | IX12: Normal Work | IY12: Normal Work | IZ12: Normal Work | JC12: Normal Work | JD12: Normal Work | JE12: Normal Work | JF12: Normal Work | JG12: Normal Work | JJ12: Normal Work | JK12: Normal Work | JL12: Normal Work | JM12: Normal Work | JN12: Annual Leave | JQ12: Normal Work | JR12: Normal Work | JS12: Normal Work | JT12: Normal Work | JU12: Normal Work | JX12: Normal Work | JY12: Normal Work | JZ12: Normal Work | KA12: Normal Work | KB12: GHC IT Audit | KE12: GHC IT Audit | KF12: Normal Work | KG12: 2088 Oxford Street | KH12: 2088 Oxford Street | KI12: GHC IT Audit | KL12: GHC IT Audit | KM12: 2088 Oxford Street | KN12: 2088 Oxford Street | KO12: 2088 Oxford Street | KP12: 2088 Oxford Street | KS12: Normal Work | KT12: Normal Work | KW12: Annual Leave | KZ12: Normal Work | LA12: Normal Work
A13: Jake Vardy | B13: Build-a-Bear | C13: OST | D13: Normal Work | E13: Normal Work | F13: Normal Work | G13: Normal Work | H13: Normal Work | K13: Normal Work | L13: Normal Work | M13: Normal Work | N13: Normal Work | O13: Normal Work | R13: Normal Work | S13: Normal Work | T13: Normal Work | U13: Normal Work | V13: Normal Work | Y13: Normal Work | Z13: Normal Work | AA13: Normal Work | AB13: Normal Work | AC13: Normal Work | AF13: Normal Work | AG13: Normal Work | AH13: Normal Work | AI13: Normal Work | AJ13: BH | AM13: BH | AT13: Normal Work | AU13: Normal Work | AV13: Normal Work | AW13: Normal Work | AX13: Normal Work | BA13: Normal Work | BB13: Normal Work | BC13: Normal Work | BD13: Normal Work | BE13: Normal Work | BH13: Normal Work | BI13: Normal Work | BJ13: Normal Work | BK13: Normal Work | BL13: Normal Work | BO13: Normal Work | BP13: Normal Work | BQ13: Normal Work | BR13: Normal Work | BS13: Normal Work | BV13: BH | BW13: Left | BX13: Left | BY13: Left | BZ13: Left | CD13: Normal Work | DE13: Normal Work | DM13: Normal Work | DS13: Normal Work | DT13: Normal Work | EA13: Normal Work | EB13: Normal Work | EC13: Normal Work | ED13: Normal Work | EG13: Normal Work | EH13: Normal Work | EI13: Normal Work | EO13: Normal Work | EP13: Normal Work | EQ13: Normal Work | ER13: Normal Work | EU13: Normal Work | EV13: Normal Work | EW13: Normal Work | EX13: Normal Work | EY13: Normal Work | FB13: Normal Work | FC13: Normal Work | FD13: Normal Work | FE13: Normal Work | FW13: Normal Work | FX13: Normal Work | FY13: Normal Work | FZ13: Normal Work | GA13: Normal Work | GE13: Normal Work | GF13: Normal Work | GG13: Normal Work | GH13: Normal Work | GK13: Normal Work | GL13: Normal Work | GM13: Normal Work | GN13: Normal Work | GO13: Normal Work | GR13: Normal Work | GS13: Normal Work | GT13: Normal Work | GU13: Normal Work | GV13: Normal Work | GY13: Normal Work | GZ13: Normal Work | HA13: Normal Work | HB13: Normal Work | HC13: Normal Work | HF13: Normal Work | HG13: Normal Work | HH13: Normal Work | HI13: Normal Work | HN13: Normal Work | HO13: Normal Work | HP13: Normal Work | HQ13: Normal Work | HT13: Normal Work | HU13: Normal Work | HV13: Normal Work | HW13: Normal Work | HX13: Normal Work | IA13: Normal Work | IB13: Normal Work | IC13: Normal Work | ID13: Normal Work | IE13: Normal Work | IH13: Normal Work | II13: Normal Work | IJ13: Normal Work | IK13: Normal Work | IL13: Normal Work | IQ13: Normal Work | JC13: Normal Work | JD13: Normal Work | JE13: Normal Work | JF13: Normal Work | JG13: Normal Work | JJ13: Normal Work | JK13: Normal Work | JL13: Normal Work | JM13: Normal Work | JQ13: Normal Work | JR13: Normal Work | JS13: Normal Work | JU13: Normal Work | JX13: Normal Work | JY13: Normal Work | JZ13: Normal Work | KA13: Normal Work | KB13: Normal Work | KS13: Normal Work
A14: Alex Walton | B14: Build-a-Bear | C14: OST | CC14: Induction | CD14: Induction | CE14: Induction | CF14: Induction | CG14: Induction | CJ14: Training | CK14: Training | CL14: Normal Work | CM14: Normal Work | CN14: Normal Work | CR14: Normal Work | CS14: Normal Work | CT14: Normal Work | CU14: Normal Work | CX14: Annual Leave | CY14: Annual Leave | CZ14: Annual Leave | DA14: Annual Leave | DB14: Annual Leave | DE14: Normal Work | DF14: Normal Work | DG14: Normal Work | DH14: Projects | DI14: Normal Work | DL14: Normal Work | DM14: Service Desk | DN14: Normal Work | DO14: Normal Work | DP14: Normal Work | DS14: Normal Work | DT14: Normal Work | DU14: Normal Work | DV14: Normal Work | DW14: Normal Work | DZ14: Normal Work | EA14: Normal Work | EB14: Normal Work | EC14: Normal Work | ED14: Normal Work | EG14: Normal Work | EH14: Normal Work | EI14: Normal Work | EJ14: Normal Work | EK14: Normal Work | EN14: Normal Work | EO14: Normal Work | EP14: Normal Work | EQ14: Normal Work | ER14: Normal Work | EU14: Normal Work | EV14: Normal Work | EW14: Normal Work | EX14: Normal Work | EY14: Annual Leave | FB14: Normal Work | FC14: Normal Work | FD14: Normal Work | FE14: Normal Work | FF14: Normal Work | FI14: Normal Work | FJ14: Normal Work | FK14: Normal Work | FL14: Normal Work | FM14: Normal Work | FP14: Normal Work | FQ14: Normal Work | FR14: Normal Work | FS14: Normal Work | FT14: Normal Work | FW14: Normal Work | FX14: Normal Work | FY14: Normal Work | FZ14: Normal Work | GA14: Normal Work | GE14: Normal Work | GF14: Projects | GG14: Normal Work | GH14: Normal Work | GK14: Normal Work | GL14: Normal Work | GM14: Normal Work | GN14: Normal Work | GO14: Normal Work | GR14: Normal Work | GS14: Normal Work | GT14: Normal Work | GU14: Normal Work | GV14: Normal Work | GY14: Normal Work | GZ14: Normal Work | HA14: Normal Work | HB14: Normal Work | HC14: Normal Work | HF14: Normal Work | HG14: Normal Work | HH14: Normal Work | HI14: Normal Work | HJ14: Normal Work | HM14: Normal Work | HN14: Normal Work | HO14: Normal Work | HP14: Normal Work | HQ14: Normal Work | HT14: Normal Work | HU14: Normal Work | HV14: Normal Work | HW14: Normal Work | HX14: Normal Work | IA14: Normal Work | IB14: Normal Work | IC14: Normal Work | ID14: Normal Work | IE14: Normal Work | IH14: Normal Work | II14: Normal Work | IJ14: Normal Work | IK14: Normal Work | IL14: Normal Work | IO14: Annual Leave | IP14: Annual Leave | IQ14: Annual Leave | IR14: Annual Leave | IS14: Annual Leave | IV14: Annual Leave | IW14: Annual Leave | IX14: Annual Leave | IY14: Annual Leave | IZ14: Annual Leave | JC14: Normal Work | JD14: Normal Work | JE14: Normal Work | JF14: Normal Work | JG14: Normal Work | JJ14: Normal Work | JK14: Normal Work | JL14: Normal Work | JM14: Normal Work | JN14: Normal Work | JQ14: Normal Work | JR14: Normal Work | JS14: Normal Work | JT14: Normal Work | JU14: Normal Work | JX14: Normal Work | JY14: Normal Work | JZ14: Normal Work | KA14: Normal Work | KB14: Normal Work | KE14: Normal Work | KF14: Normal Work | KG14: SD | KH14: Normal Work | KI14: Normal Work | KL14: Normal Work | KM14: Normal Work | KN14: Normal Work | KO14: Normal Work | KP14: Normal Work | KS14: Normal Work | KT14: Normal Work | KW14: Normal Work | KZ14: Normal Work | LA14: Normal Work
A15: OST
A16: Udit Patel | B16: OST | C16: OST | D16: Normal Work | E16: Normal Work | F16: Normal Work | G16: Normal Work | H16: OST PROJECT | K16: OST PROJECTS | L16: OST PROJECTS | M16: OST PROJECTS | N16: OST PROJECTS | O16: OST PROJECTS | R16: Training | S16: Training | T16: OST Project | U16: OST Project | V16: OST Project | AB16: Project | AC16: Projects | AF16: Project | AG16: Project | AH16: Normal Work | AI16: Normal Work | AJ16: BH | AM16: BH | AN16: OST Project | AT16: Projects | AU16: Projects | AV16: Normal Work | AW16: OST Project | AX16: OST Project | BA16: OST Project | BB16: OST Project | BC16: OST Project | BD16: OST Project | BE16: OST Project | BH16: Projects | BI16: Projects | BJ16: Projects | BK16: Normal Work | BL16: Normal Work | BO16: Normal Work | BP16: Normal Work | BQ16: Normal Work | BR16: Normal Work | BS16: Normal Work | BV16: BH | BW16: Normal Work | BX16: Normal Work | BY16: Normal Work | BZ16: Normal Work | CC16: Normal Work | CD16: Normal Work | CE16: Normal Work | CF16: Normal Work | CG16: Normal Work | CJ16: Service Desk | CK16: Service Desk | CL16: Normal Work | CM16: Normal Work | CN16: Annual Leave | CR16: Service Desk | CS16: Projects | CT16: Service Desk | CU16: Service Desk | CX16: Service Desk | CY16: Service Desk | CZ16: Normal Work | DA16: Normal Work | DB16: Normal Work | DE16: Annual Leave | DF16: Normal Work | DG16: Projects | DH16: Projects | DI16: Annual Leave | DL16: Normal Work | DM16: Normal Work | DN16: Normal Work | DO16: Projects | DP16: Normal Work | DS16: Normal Work | DT16: Normal Work | DU16: Normal Work | DV16: Projects | DW16: Normal Work | DZ16: Normal Work | EA16: Normal Work | EB16: Normal Work | EC16: Normal Work | ED16: Normal Work | EG16: Normal Work | EH16: Normal Work | EI16: Normal Work | EJ16: Normal Work | EK16: Normal Work | EN16: Normal Work | EO16: Normal Work | EP16: Normal Work | EQ16: Normal Work | ER16: Normal Work | EU16: Normal Work | EV16: Normal Work | EW16: Normal Work | EX16: Normal Work | EY16: Normal Work | FB16: Normal Work | FC16: Normal Work | FD16: Normal Work | FE16: Normal Work | FF16: Normal Work | FI16: BAB OST | FJ16: Normal Work | FK16: Normal Work | FL16: Normal Work | FM16: Normal Work | FP16: Normal Work | FQ16: Normal Work | FR16: Normal Work | FS16: Normal Work | FT16: Normal Work | FW16: Normal Work | FX16: Normal Work | FY16: Projects | FZ16: Normal Work | GA16: Normal Work | GE16: Normal Work | GF16: Normal Work | GG16: Normal Work | GH16: Normal Work | GK16: Projects | GL16: Normal Work | GM16: Normal Work | GN16: Normal Work | GO16: Normal Work | GR16: Normal Work | GS16: Normal Work | GT16: Projects | GU16: Normal Work | GV16: Normal Work | GY16: Normal Work | GZ16: Projects | HA16: Normal Work | HB16: Normal Work | HC16: Training | HF16: Normal Work | HG16: Normal Work | HH16: Normal Work | HI16: Normal Work | HJ16: Normal Work | HM16: Normal Work | HN16: Normal Work | HO16: Normal Work | HP16: Normal Work | HQ16: Normal Work | HT16: Normal Work | HU16: Normal Work | HV16: Normal Work | HW16: Normal Work | HX16: Normal Work | IA16: Normal Work | IB16: Normal Work | IC16: Normal Work | ID16: Mitie | IE16: Mitie | IH16: Normal Work | II16: Normal Work | IJ16: Normal Work | IK16: Normal Work | IL16: Normal Work | IO16: Normal Work | IP16: Normal Work | IQ16: Normal Work | IR16: Normal Work | IS16: Normal Work | IV16: Normal Work | IW16: Normal Work | IX16: Normal Work | IY16: Normal Work | IZ16: Normal Work | JC16: Normal Work | JD16: Normal Work | JE16: Normal Work | JF16: Normal Work | JG16: Normal Work | JJ16: Normal Work | JK16: Normal Work | JL16: Normal Work | JM16: Normal Work | JN16: Normal Work | JQ16: Normal Work | JR16: Normal Work | JS16: Normal Work | JT16: Normal Work | JU16: Normal Work | JX16: Normal Work | JY16: Normal Work | JZ16: SD | KA16: Normal Work | KB16: Normal Work | KE16: SD | KF16: GHC IT Audit | KG16: Normal Work | KH16: Normal Work | KI16: Normal Work | KL16: Normal Work | KM16: Normal Work | KN16: Normal Work | KO16: Normal Work | KP16: Normal Work | KS16: GHC IT Audit | KT16: GHC IT Audit | KU16: On-Call | KV16: On-Call | KW16: GHC IT Audit | KX16: On-Call | KY16: On-Call | KZ16: GHC IT Audit | LA16: GHC IT Audit
A17: Ray Chitekwe | B17: OST | C17: OST | D17: Eaton House | E17: Normal Work | F17: Normal Work | G17: Normal Work | H17: Normal Work | K17: Eaton House | L17: Normal Work | M17: Normal Work | N17: Normal Work | O17: Normal Work | R17: Eaton House | S17: Normal Work | T17: Normal Work | U17: Normal Work | V17: Normal Work | Y17: Eaton House | Z17: Normal Work | AA17: Normal Work | AB17: Normal Work | AC17: Normal Work | AF17: Eaton House | AG17: Normal Work | AH17: Normal Work | AI17: Normal Work | AJ17: BH | AM17: BH | AN17: Normal Work | AO17: Normal Work | AT17: Projects | AU17: Projects | AV17: Projects | AW17: Normal Work | AX17: Normal Work | BA17: Normal Work | BB17: Normal Work | BC17: Normal Work | BD17: Normal Work | BE17: Normal Work | BH17: Normal Work | BI17: Normal Work | BJ17: Normal Work | BK17: Normal Work | BL17: Normal Work | BO17: Normal Work | BP17: Normal Work | BQ17: Normal Work | BR17: Normal Work | BS17: Normal Work | BV17: BH | BW17: Normal Work | BX17: Normal Work | BY17: Normal Work | BZ17: Normal Work | CC17: Normal Work | CD17: Normal Work | CE17: Normal Work | CF17: Normal Work | CG17: Normal Work | CJ17: Normal Work | CK17: Normal Work | CL17: Normal Work | CM17: Normal Work | CN17: Normal Work | CR17: Service Desk | CS17: Normal Work | CT17: Normal Work | CU17: Normal Work | CX17: Normal Work | CY17: Normal Work | CZ17: Normal Work | DA17: Normal Work | DB17: Service Desk | DE17: Normal Work | DF17: Normal Work | DG17: Projects | DH17: Normal Work | DI17: Normal Work | DL17: Normal Work | DM17: Normal Work | DN17: Normal Work | DO17: Normal Work | DP17: Normal Work | DS17: Normal Work | DT17: Normal Work | DU17: Normal Work | DV17: Normal Work | DW17: Normal Work | DZ17: Normal Work | EA17: Normal Work | EB17: Normal Work | EC17: Normal Work | ED17: Normal Work | EG17: Normal Work | EH17: Normal Work | EI17: Normal Work | EJ17: Normal Work | EK17: Normal Work | EN17: Normal Work | EO17: Normal Work | EP17: Normal Work | EQ17: Normal Work | ER17: Normal Work | EU17: Normal Work | EV17: Normal Work | EW17: Normal Work | EX17: Normal Work | EY17: Normal Work | FB17: Normal Work | FC17: Normal Work | FD17: Normal Work | FE17: Normal Work | FF17: Normal Work | FI17: Sickness | FJ17: Normal Work | FK17: Normal Work | FL17: Normal Work | FM17: Normal Work | FP17: Normal Work | FQ17: Normal Work | FR17: Projects | FS17: Normal Work | FT17: Normal Work | FW17: Normal Work | FX17: Normal Work | FY17: Normal Work | FZ17: Normal Work | GA17: Normal Work | GE17: Normal Work | GF17: Projects | GG17: Projects | GH17: Normal Work | GK17: Projects | GL17: Projects | GM17: Projects | GN17: Normal Work | GO17: Normal Work | GR17: Normal Work | GS17: Normal Work | GT17: Normal Work | GU17: Normal Work | GV17: Normal Work | GY17: Annual Leave | GZ17: Annual Leave | HA17: Annual Leave | HB17: Annual Leave | HC17: Annual Leave | HF17: Annual Leave | HG17: Annual Leave | HH17: Annual Leave | HI17: Annual Leave | HJ17: Annual Leave | HM17: Normal Work | HN17: Normal Work | HO17: Normal Work | HP17: Normal Work | HQ17: Normal Work | HT17: Normal Work | HU17: Normal Work | HV17: Normal Work | HW17: Normal Work | HX17: Normal Work | IA17: Normal Work | IB17: Normal Work | IC17: Normal Work | ID17: Normal Work | IE17: Normal Work | IH17: Normal Work | II17: Normal Work | IJ17: Normal Work | IK17: Normal Work | IL17: Normal Work | IO17: Normal Work | IP17: Normal Work | IQ17: Normal Work | IR17: Normal Work | IS17: Normal Work | IV17: Normal Work | IW17: Normal Work | IX17: Normal Work | IY17: Normal Work | IZ17: Normal Work | JC17: Normal Work | JD17: Normal Work | JE17: Normal Work | JF17: Normal Work | JG17: Normal Work | JJ17: Normal Work | JK17: Normal Work | JL17: Normal Work | JM17: Normal Work | JN17: Normal Work | JQ17: Normal Work | JR17: Normal Work | JS17: Normal Work | JT17: Normal Work | JU17: Normal Work | JX17: Normal Work | JY17: SD | JZ17: Normal Work | KA17: Normal Work | KB17: Normal Work | KE17: SD | KF17: Normal Work | KG17: 2088 Oxford Street | KH17: 2088 Oxford Street | KI17: Normal Work | KL17: Normal Work | KM17: Normal Work | KN17: Normal Work | KO17: Normal Work | KP17: Normal Work | KS17: Normal Work | KT17: Normal Work | KW17: Normal Work | KZ17: Normal Work | LA17: Normal Work
A18: Projects
A19: Nayan Kolhar | B19: Projects | C19: Projects | D19: Normal Work | E19: Normal Work | F19: Normal Work | G19: Normal Work | H19: Normal Work | K19: Normal Work | L19: Normal Work | M19: Normal Work | N19: Normal Work | O19: Normal Work | R19: Normal Work | S19: Normal Work | T19: Normal Work | U19: Normal Work | V19: Normal Work | Y19: Normal Work | Z19: Normal Work | AA19: Normal Work | AB19: Normal Work | AC19: Normal Work | AF19: Normal Work | AG19: Normal Work | AH19: Normal Work | AI19: Normal Work | AJ19: BH | AM19: BH | AN19: Normal Work | AO19: Normal Work | AP19: Normal Work | AQ19: Normal Work | AT19: Yondr | AU19: Yondr | AV19: Yondr | AW19: Yondr | AX19: Yondr | BA19: Yondr | BB19: Yondr | BC19: Yondr | BD19: Yondr | BE19: Yondr | BH19: Yondr | BI19: Yondr | BJ19: Yondr | BK19: Yondr | BL19: Yondr | BO19: Normal Work | BP19: Normal Work | BQ19: Normal Work | BR19: Normal Work | BS19: Normal Work | BV19: BH | BW19: Normal Work | BX19: Normal Work | BY19: Normal Work | BZ19: Normal Work | CC19: Normal Work | CD19: Normal Work | CE19: Normal Work | CF19: Normal Work | CG19: Normal Work | CJ19: Normal Work | CK19: Normal Work | CL19: Normal Work | CM19: Normal Work | CN19: Normal Work | CR19: Normal Work | CS19: Normal Work | CT19: Normal Work | CU19: Normal Work | CX19: Normal Work | CY19: Normal Work | CZ19: Normal Work | DA19: Normal Work | DB19: Normal Work | DE19: Normal Work | DF19: Normal Work | DG19: Normal Work | DH19: Normal Work | DI19: Normal Work | DL19: Normal Work | DM19: Normal Work | DN19: Normal Work | DO19: Normal Work | DP19: Normal Work | DS19: Normal Work | DT19: Normal Work | DU19: Normal Work | DV19: Normal Work | DW19: Normal Work | DZ19: Annual Leave | EA19: Annual Leave | EB19: Annual Leave | EC19: Annual Leave | ED19: Annual Leave | EG19: Normal Work | EH19: Normal Work | EI19: Normal Work | EJ19: Normal Work | EK19: Normal Work | EN19: Normal Work | EO19: Normal Work | EP19: Normal Work | EQ19: Normal Work | ER19: Normal Work | EU19: Normal Work | EV19: Normal Work | EW19: Normal Work | EX19: Normal Work | EY19: Normal Work | FB19: Normal Work | FC19: Normal Work | FD19: Normal Work | FE19: Normal Work | FF19: Normal Work | FI19: Normal Work | FJ19: Normal Work | FK19: Normal Work | FL19: Normal Work | FM19: Normal Work | FP19: Normal Work | FQ19: Normal Work | FR19: Normal Work | FS19: Normal Work | FT19: Normal Work | FW19: Normal Work | FX19: Normal Work | FY19: Normal Work | FZ19: Normal Work | GA19: Normal Work | GE19: Normal Work | GF19: Normal Work | GG19: Normal Work | GH19: Normal Work | GK19: Normal Work | GL19: Normal Work | GM19: Normal Work | GN19: Normal Work | GO19: Normal Work | GR19: Normal Work | GS19: Normal Work | GT19: Normal Work | GU19: Normal Work | GV19: Normal Work | GY19: Normal Work | GZ19: Normal Work | HA19: Normal Work | HB19: Normal Work | HC19: Training | HF19: Normal Work | HG19: Normal Work | HH19: Normal Work | HI19: Normal Work | HJ19: Normal Work | HM19: Annual Leave | HN19: Normal Work | HO19: Normal Work | HP19: Normal Work | HQ19: Normal Work | HT19: Normal Work | HU19: Normal Work | HV19: Normal Work | HW19: Normal Work | HX19: Normal Work | IA19: Normal Work | IB19: Normal Work | IC19: Normal Work | ID19: Normal Work | IE19: Normal Work | IH19: Normal Work | II19: Normal Work | IJ19: Normal Work | IK19: Normal Work | IL19: Normal Work | IO19: Normal Work | IP19: Normal Work | IQ19: Normal Work | IR19: Normal Work | IS19: Normal Work | IV19: Normal Work | IW19: Normal Work | IX19: Normal Work | IY19: Normal Work | IZ19: Normal Work | JC19: Normal Work | JD19: Normal Work | JE19: Normal Work | JF19: Normal Work | JG19: Normal Work | JJ19: Normal Work | JK19: Normal Work | JL19: Normal Work | JM19: Normal Work | JN19: Normal Work | JQ19: Normal Work | JR19: Normal Work | JS19: Normal Work | JT19: Normal Work | JU19: Normal Work | JX19: Normal Work | JY19: Normal Work | JZ19: Normal Work | KA19: Normal Work | KB19: Normal Work | KE19: Normal Work | KF19: Normal Work | KG19: Normal Work | KH19: Normal Work | KI19: Normal Work | KL19: Normal Work | KM19: Normal Work | KN19: Normal Work | KO19: Normal Work | KP19: Normal Work | KS19: Annual Leave | KT19: Annual Leave | KW19: Normal Work | KZ19: Annual Leave | LA19: Annual Leave
A20: Sean Fenton | B20: Projects | C20: Projects | AT20: Service Desk | AU20: Service Desk | AV20: Service Desk | AW20: Service Desk | AX20: Service Desk | BA20: Service Desk | BB20: Service Desk | BC20: Service Desk | BD20: Service Desk | BE20: Service Desk | BH20: Training | BI20: Training | BJ20: Training | BK20: Training | BL20: Training | BO20: Normal Work | BP20: Normal Work | BQ20: Normal Work | BR20: Normal Work | BS20: Normal Work | BW20: Normal Work | BX20: Normal Work | BY20: Normal Work | BZ20: Normal Work | CC20: Normal Work | CD20: Normal Work | CE20: Normal Work | CF20: Normal Work | CG20: Normal Work | CJ20: Normal Work | CK20: Normal Work | CL20: Normal Work | CM20: Normal Work | CN20: Normal Work | CR20: Normal Work | CS20: Normal Work | CT20: Normal Work | CU20: Normal Work | CX20: Normal Work | CY20: Normal Work | CZ20: Normal Work | DA20: Normal Work | DB20: Normal Work | DE20: Normal Work | DF20: Normal Work | DG20: Normal Work | DH20: Normal Work | DI20: Normal Work | DL20: Normal Work | DM20: Normal Work | DN20: Normal Work | DO20: Normal Work | DP20: Normal Work | DS20: Normal Work | DT20: Normal Work | DU20: Normal Work | DV20: Normal Work | DW20: OST Work | DZ20: Normal Work | EA20: Normal Work | EB20: Normal Work | EC20: Normal Work | ED20: Normal Work | EG20: Normal Work | EH20: Normal Work | EI20: Normal Work | EJ20: Normal Work | EK20: Normal Work | EN20: Normal Work | EO20: Normal Work | EP20: Normal Work | EQ20: Normal Work | ER20: Normal Work | EU20: Normal Work | EV20: Normal Work | EW20: Normal Work | EX20: Normal Work | EY20: Normal Work | FB20: Normal Work | FC20: Normal Work | FD20: Normal Work | FE20: Normal Work | FF20: Normal Work | FI20: Normal Work | FJ20: Normal Work | FK20: Normal Work | FL20: Normal Work | FM20: Normal Work | FP20: Normal Work | FQ20: Normal Work | FR20: Normal Work | FS20: Normal Work | FT20: Normal Work | FW20: Normal Work | FX20: Normal Work | FY20: Normal Work | FZ20: Normal Work | GA20: Normal Work | GE20: Normal Work | GF20: Normal Work | GG20: Normal Work | GH20: Normal Work | GK20: Normal Work | GL20: Normal Work | GM20: Normal Work | GN20: Normal Work | GO20: Normal Work | GR20: Normal Work | GS20: Normal Work | GT20: Normal Work | GU20: Normal Work | GV20: Normal Work | GY20: Normal Work | GZ20: Normal Work | HA20: Normal Work | HB20: Normal Work | HC20: Training | HF20: Normal Work | HG20: Normal Work | HH20: Normal Work | HI20: Normal Work | HJ20: Normal Work | HM20: Normal Work | HN20: Normal Work | HO20: Normal Work | HP20: Normal Work | HQ20: Normal Work | HT20: Normal Work | HU20: Normal Work | HV20: Normal Work | HW20: Normal Work | HX20: Normal Work | IA20: Normal Work | IB20: Normal Work | IC20: Normal Work | ID20: Normal Work | IE20: Normal Work | IH20: Normal Work | II20: Normal Work | IJ20: Normal Work | IK20: Normal Work | IL20: Normal Work | IO20: Normal Work | IP20: Normal Work | IQ20: Normal Work | IR20: Normal Work | IS20: Normal Work | IV20: Normal Work | IW20: Normal Work | IX20: Normal Work | IY20: Normal Work | IZ20: Normal Work | JC20: Annual Leave | JD20: Normal Work | JE20: Normal Work | JF20: Normal Work | JG20: Normal Work | JJ20: Normal Work | JK20: Normal Work | JL20: Normal Work | JM20: Normal Work | JN20: Normal Work | JQ20: Normal Work | JR20: Normal Work | JS20: Normal Work | JT20: Normal Work | JU20: Normal Work | JX20: Normal Work | JY20: Normal Work | JZ20: Normal Work | KA20: Normal Work | KB20: Normal Work | KE20: Normal Work | KF20: Normal Work | KG20: Normal Work | KH20: Normal Work | KI20: Normal Work | KL20: Normal Work | KM20: Normal Work | KN20: Normal Work | KO20: Normal Work | KP20: Normal Work | KS20: Annual Leave | KT20: Annual Leave | KW20: Normal Work | KZ20: Normal Work | LA20: Normal Work
A21: Andrew Lord | B21: Projects | JJ21: Normal Work | JK21: Annual Leave | JL21: Normal Work | JM21: Normal Work | JN21: Normal Work | JQ21: Normal Work | JR21: Normal Work | JS21: Normal Work | JT21: SD | JU21: SD | JX21: SD | JY21: SD | JZ21: SD | KA21: SD | KB21: SD | KE21: SD | KF21: SD | KG21: SD | KH21: SD | KI21: Normal Work | KL21: Normal Work | KM21: Normal Work | KN21: Normal Work | KO21: Normal Work | KP21: Normal Work | KS21: Normal Work | KT21: Normal Work | KW21: Annual Leave | KZ21: Normal Work | LA21: Normal Work
A22: Team Leads
A23: Shane Visagie | B23: MGMT | C23: Service | D23: Normal Work | E23: Service Desk | F23: Normal Work | G23: Normal Work | H23: Normal Work | K23: Normal Work | L23: Normal Work | M23: Normal Work | N23: Normal Work | O23: Service Desk | R23: Normal Work | S23: Service Desk | T23: Normal Work | U23: Normal Work | V23: Normal Work | Y23: Service Desk | Z23: Service Desk | AA23: Service Desk | AB23: Project | AC23: Normal Work | AF23: Normal Work | AG23: Normal Work | AH23: Service Desk | AI23: Annual Leave | AJ23: BH | AM23: BH | AN23: Annual Leave | AO23: Annual Leave | AP23: Annual Leave | AQ23: Annual Leave | AT23: Service Desk | AU23: Normal Work | AV23: Normal Work | AW23: Normal Work | AX23: Normal Work | BA23: Normal Work | BB23: Normal Work | BC23: Service Desk | BD23: Normal Work | BE23: Normal Work | BH23: Normal Work | BI23: Normal Work | BJ23: Normal Work | BK23: Normal Work | BL23: Service Desk | BO23: Service Desk | BP23: Normal Work | BQ23: Normal Work | BR23: Normal Work | BS23: Normal Work | BV23: BH | BW23: Normal Work | BX23: Normal Work | BY23: Service Desk | BZ23: Normal Work | CC23: Normal Work | CD23: Service Desk | CE23: Normal Work | CF23: Normal Work | CG23: Normal Work | CJ23: Normal Work | CK23: Normal Work | CL23: Normal Work | CM23: Normal Work | CN23: Normal Work | CR23: Normal Work | CS23: Normal Work | CT23: Normal Work | CU23: Normal Work | CX23: Normal Work | CY23: Normal Work | CZ23: Normal Work | DA23: Normal Work | DB23: Normal Work | DE23: Normal Work | DF23: Normal Work | DG23: Normal Work | DH23: Normal Work | DI23: Normal Work | DL23: Normal Work | DM23: Normal Work | DN23: Normal Work | DO23: Normal Work | DP23: Normal Work | DS23: Normal Work | DT23: Normal Work | DU23: Normal Work | DV23: Normal Work | DW23: Normal Work | DZ23: Normal Work | EA23: Normal Work | EB23: Normal Work | EC23: Normal Work | ED23: Normal Work | EG23: Normal Work | EH23: Normal Work | EI23: Normal Work | EJ23: Normal Work | EK23: Normal Work | EN23: Normal Work | EO23: Normal Work | EP23: Normal Work | EQ23: Normal Work | ER23: Normal Work | EU23: Normal Work | EV23: Normal Work | EW23: Normal Work | EX23: Normal Work | EY23: Service Desk | FB23: Normal Work | FC23: Normal Work | FD23: Normal Work | FE23: Normal Work | FF23: Normal Work | FI23: Service Desk | FJ23: Normal Work | FK23: Normal Work | FL23: Normal Work | FM23: Normal Work | FP23: Normal Work | FQ23: Normal Work | FR23: OST | FS23: Normal Work | FT23: Normal Work | FW23: Normal Work | FX23: Normal Work | FY23: Normal Work | FZ23: Normal Work | GA23: Normal Work | GE23: Normal Work | GF23: Normal Work | GG23: Normal Work | GH23: Normal Work | GK23: Annual Leave | GL23: Annual Leave | GM23: Annual Leave | GN23: Annual Leave | GO23: Annual Leave | GR23: Normal Work | GS23: Normal Work | GT23: Normal Work | GU23: Normal Work | GV23: Normal Work | GY23: Normal Work | GZ23: Normal Work | HA23: Normal Work | HB23: Normal Work | HC23: Normal Work | HF23: Normal Work | HG23: Normal Work | HH23: Normal Work | HI23: Normal Work | HJ23: Normal Work | HM23: Normal Work | HN23: Normal Work | HO23: Normal Work | HP23: Normal Work | HQ23: Normal Work | HT23: Normal Work | HU23: Normal Work | HV23: Normal Work | HW23: Normal Work | HX23: Normal Work | IA23: Normal Work | IB23: Normal Work | IC23: Normal Work | ID23: Normal Work | IE23: Normal Work | IH23: Normal Work | II23: Normal Work | IJ23: Normal Work | IK23: Normal Work | IL23: Normal Work | IO23: Normal Work | IP23: Normal Work | IQ23: Normal Work | IR23: Normal Work | IS23: Annual Leave | IV23: Annual Leave | IW23: Annual Leave | IX23: Annual Leave | IY23: Annual Leave | IZ23: Annual Leave | JC23: Normal Work | JD23: Normal Work | JE23: Normal Work | JF23: Normal Work | JG23: Normal Work | JJ23: Normal Work | JK23: Normal Work | JL23: Normal Work | JM23: Normal Work | JN23: Normal Work | JQ23: Normal Work | JR23: Normal Work | JS23: Normal Work | JT23: Normal Work | JU23: Normal Work | JX23: Normal Work | JY23: Normal Work | JZ23: Normal Work | KA23: Normal Work | KB23: Normal Work | KE23: Normal Work | KF23: Normal Work | KG23: Normal Work | KH23: Normal Work | KI23: Normal Work | KL23: Annual Leave | KM23: Annual Leave | KN23: Annual Leave | KO23: Annual Leave | KP23: Annual Leave | KS23: Normal Work | KT23: Normal Work | KW23: Normal Work | KZ23: Normal Work | LA23: Normal Work
A24: Jack Mumford | B24: MGMT | C24: Service | D24: Annual Leave | E24: Annual Leave | F24: Annual Leave | G24: Annual Leave | H24: Annual Leave | K24: Normal Work | L24: Normal Work | M24: Normal Work | N24: Normal Work | O24: Normal Work | R24: CE+ Prep | S24: CE+ | T24: CE+ | U24: Service Desk | V24: Normal Work | Y24: Service Desk | Z24: Service Desk | AA24: Service Desk | AB24: Service Desk | AC24: Service Desk | AF24: Normal Work | AG24: Normal Work | AH24: Normal Work | AI24: Normal Work | AJ24: BH | AM24: BH | AN24: Normal Work | AO24: Service Desk | AP24: Normal Work | AQ24: Normal Work | AT24: Normal Work | AU24: Normal Work | AV24: Normal Work | AW24: Normal Work | AX24: Service Desk | BA24: Service Desk | BB24: Normal Work | BC24: Normal Work | BD24: Normal Work | BE24: Normal Work | BH24: Normal Work | BI24: Service Desk | BJ24: Normal Work | BK24: Normal Work | BL24: Normal Work | BO24: Normal Work | BP24: Normal Work | BQ24: Service Desk | BR24: Normal Work | BS24: Normal Work | BV24: BH | BW24: Normal Work | BX24: Normal Work | BY24: Normal Work | BZ24: Normal Work | CC24: Normal Work | CD24: Normal Work | CE24: Normal Work | CF24: Service Desk | CG24: Normal Work | CJ24: Normal Work | CK24: Normal Work | CL24: Normal Work | CM24: Normal Work | CN24: Normal Work | CR24: Normal Work | CS24: Normal Work | CT24: Normal Work | CU24: Normal Work | CX24: Normal Work | CY24: Normal Work | CZ24: Normal Work | DA24: Normal Work | DB24: Normal Work | DE24: Normal Work | DF24: Normal Work | DG24: Normal Work | DH24: Normal Work | DI24: Normal Work | DL24: Normal Work | DM24: Normal Work | DN24: Normal Work | DO24: Normal Work | DP24: Normal Work | DS24: Normal Work | DT24: Normal Work | DU24: Normal Work | DV24: Annual Leave | DW24: Annual Leave | DZ24: Annual Leave | EA24: Normal Work | EB24: Normal Work | EC24: Normal Work | ED24: Normal Work | EG24: Normal Work | EH24: Normal Work | EI24: Normal Work | EJ24: Normal Work | EK24: Normal Work | EN24: Normal Work | EO24: Normal Work | EP24: Normal Work | EQ24: Normal Work | ER24: Normal Work | EU24: Normal Work | EV24: Normal Work | EW24: Normal Work | EX24: Normal Work | EY24: Service Desk | FB24: Normal Work | FC24: Normal Work | FD24: Normal Work | FE24: Normal Work | FF24: Normal Work | FI24: Normal Work | FJ24: Normal Work | FK24: Normal Work | FL24: Normal Work | FM24: Normal Work | FP24: Normal Work | FQ24: Normal Work | FR24: Normal Work | FS24: Normal Work | FT24: Normal Work | FW24: Normal Work | FX24: Normal Work | FY24: Normal Work | FZ24: Normal Work | GA24: Normal Work | GE24: Annual Leave | GF24: Annual Leave | GG24: Annual Leave | GH24: Annual Leave | GK24: Annual Leave | GL24: Annual Leave | GM24: Normal Work | GN24: Normal Work | GO24: Normal Work | GR24: Normal Work | GS24: Normal Work | GT24: Normal Work | GU24: Normal Work | GV24: Normal Work | GY24: Normal Work | GZ24: Normal Work | HA24: Normal Work | HB24: Normal Work | HC24: Training | HF24: Annual Leave | HG24: Normal Work | HH24: Normal Work | HI24: Normal Work | HJ24: Normal Work | HM24: Normal Work | HN24: Normal Work | HO24: Normal Work | HP24: Normal Work | HQ24: Normal Work | HT24: Normal Work | HU24: Normal Work | HV24: Normal Work | HW24: Normal Work | HX24: Annual Leave | IA24: Normal Work | IB24: Normal Work | IC24: Annual Leave | ID24: Normal Work | IE24: Normal Work | IH24: Normal Work | II24: Normal Work | IJ24: Normal Work | IK24: Normal Work | IL24: Normal Work | IO24: Normal Work | IP24: Normal Work | IQ24: Normal Work | IR24: Normal Work | IS24: Normal Work | IV24: Normal Work | IW24: Normal Work | IX24: Normal Work | IY24: Normal Work | IZ24: Normal Work | JC24: Normal Work | JD24: Normal Work | JE24: Normal Work | JF24: Normal Work | JG24: Normal Work | JJ24: Normal Work | JK24: Normal Work | JL24: Normal Work | JM24: Normal Work | JN24: Normal Work | JQ24: Normal Work | JR24: Normal Work | JS24: Normal Work | JT24: Normal Work | JU24: Annual Leave | JX24: Normal Work | JY24: Normal Work | JZ24: Normal Work | KA24: Normal Work | KB24: Normal Work | KE24: Normal Work | KF24: Normal Work | KG24: Normal Work | KH24: Normal Work | KI24: Normal Work | KL24: Normal Work | KM24: Normal Work | KN24: Normal Work | KO24: Normal Work | KP24: Normal Work | KS24: Annual Leave | KT24: Annual Leave | KW24: Annual Leave | KZ24: Annual Leave | LA24: Annual Leave
A25: Amber Baker | B25: MGMT | C25: Service | D25: Normal Work | E25: Normal Work | F25: Normal Work | G25: Normal Work | H25: Normal Work | K25: Normal Work | L25: Normal Work | M25: Normal Work | N25: Normal Work | O25: Normal Work | R25: Normal Work | S25: Normal Work | T25: Normal Work | U25: Normal Work | V25: Normal Work | Y25: Normal Work | Z25: Normal Work | AA25: Normal Work | AB25: Normal Work | AC25: Normal Work | AF25: Normal Work | AG25: Normal Work | AH25: Training | AI25: Training | AJ25: BH | AM25: BH | AT25: Normal Work | AU25: Normal Work | AV25: Normal Work | AW25: Normal Work | AX25: Normal Work | BA25: Normal Work | BB25: Normal Work | BC25: Normal Work | BD25: Normal Work | BE25: Normal Work | BH25: Annual Leave | BI25: Annual Leave | BJ25: Annual Leave | BK25: Annual Leave | BL25: Annual Leave | BO25: Normal Work | BP25: Normal Work | BQ25: Normal Work | BR25: Normal Work | BS25: Normal Work | BV25: BH | BW25: Normal Work | BX25: Normal Work | BY25: Normal Work | BZ25: Normal Work | CC25: Normal Work | CD25: Normal Work | CE25: Normal Work | CF25: Normal Work | CG25: Normal Work | CJ25: Normal Work | CK25: Normal Work | CL25: Normal Work | CM25: Normal Work | CN25: Normal Work | CR25: Normal Work | CS25: Normal Work | CT25: Normal Work | CU25: Normal Work | CX25: Normal Work | CY25: Normal Work | CZ25: Normal Work | DA25: Normal Work | DB25: Normal Work | DE25: Normal Work | DF25: Normal Work | DG25: Normal Work | DH25: Normal Work | DI25: Normal Work | DL25: Normal Work | DM25: Normal Work | DN25: Normal Work | DO25: Normal Work | DP25: Normal Work | DS25: Normal Work | DT25: Normal Work | DU25: Normal Work | DV25: Normal Work | DW25: Normal Work | DZ25: Normal Work | EA25: Normal Work | EB25: Normal Work | EC25: Normal Work | ED25: Normal Work | EG25: Normal Work | EH25: Normal Work | EI25: Normal Work | EJ25: Normal Work | EK25: Normal Work | EN25: Normal Work | EO25: Normal Work | EP25: Normal Work | EQ25: Normal Work | ER25: Normal Work | EU25: Normal Work | EV25: Normal Work | EW25: Normal Work | EX25: Normal Work | EY25: Normal Work | FB25: Normal Work | FC25: Normal Work | FD25: Normal Work | FE25: Normal Work | FF25: Normal Work | FI25: Normal Work | FJ25: Normal Work | FK25: Annual Leave | FL25: Annual Leave | FM25: Annual Leave | FP25: Normal Work | FQ25: Normal Work | FR25: Normal Work | FS25: Normal Work | FT25: Normal Work | FW25: Normal Work | FX25: Normal Work | FY25: Annual Leave | FZ25: Annual Leave | GA25: Annual Leave | GE25: Normal Work | GF25: Normal Work | GG25: Normal Work | GH25: Normal Work | GK25: Normal Work | GL25: Normal Work | GM25: Normal Work | GN25: Normal Work | GO25: Normal Work | GR25: Normal Work | GS25: Normal Work | GT25: Normal Work | GU25: Normal Work | GV25: Normal Work | GY25: Normal Work | GZ25: Normal Work | HA25: Normal Work | HB25: Normal Work | HC25: Normal Work | HF25: Normal Work | HG25: Normal Work | HH25: Normal Work | HI25: Normal Work | HJ25: Normal Work | HM25: Annual Leave | HN25: Annual Leave | HO25: Annual Leave | HP25: Annual Leave | HQ25: Annual Leave | HT25: Annual Leave | HU25: Annual Leave | HV25: Annual Leave | HW25: Annual Leave | HX25: Annual Leave | IA25: Annual Leave | IB25: Annual Leave | IC25: Annual Leave | ID25: Annual Leave | IE25: Annual Leave | IH25: Annual Leave | II25: Annual Leave | IJ25: Annual Leave | IK25: Annual Leave | IL25: Annual Leave | IO25: Annual Leave | IP25: Annual Leave | IQ25: Annual Leave | IR25: Annual Leave | IS25: Annual Leave | IV25: Annual Leave | IW25: Annual Leave | IX25: Annual Leave | IY25: Annual Leave | IZ25: Annual Leave | JC25: Annual Leave | JD25: Annual Leave | JE25: Annual Leave | JF25: Annual Leave | JG25: Annual Leave | JJ25: Annual Leave | JK25: Annual Leave | JL25: Annual Leave | JM25: Annual Leave | JN25: Annual Leave | JQ25: Annual Leave | JR25: Annual Leave | JS25: Annual Leave | JT25: Annual Leave | JU25: Annual Leave | JX25: Annual Leave | JY25: Annual Leave | JZ25: Annual Leave | KA25: Annual Leave | KB25: Annual Leave | KE25: Annual Leave | KF25: Annual Leave | KG25: Annual Leave | KH25: Annual Leave | KI25: Annual Leave | KL25: Annual Leave | KM25: Annual Leave | KN25: Annual Leave | KO25: Annual Leave | KP25: Annual Leave | KS25: Annual Leave | KT25: Annual Leave | KW25: Annual Leave | KZ25: Annual Leave | LA25: Annual Leave
A26: Alex Lawson | B26: MGMT | C26: MGMT | D26: Normal Work | E26: Normal Work | F26: Normal Work | G26: Normal Work | H26: Normal Work | K26: Normal Work | L26: Normal Work | M26: Normal Work | N26: Normal Work | O26: Normal Work | R26: Normal Work | S26: Normal Work | T26: Normal Work | U26: Normal Work | V26: Normal Work | Y26: Normal Work | Z26: Normal Work | AA26: Normal Work | AB26: Normal Work | AJ26: BH | AM26: BH | AT26: Normal Work | AU26: Normal Work | AV26: Normal Work | AW26: Normal Work | AX26: Normal Work | BA26: Normal Work | BB26: Normal Work | BC26: Normal Work | BD26: Normal Work | BE26: Normal Work | BH26: Normal Work | BI26: Normal Work | BJ26: Normal Work | BK26: Normal Work | BL26: Normal Work | BO26: Normal Work | BP26: Normal Work | BQ26: Normal Work | BR26: Normal Work | BS26: Normal Work | BV26: BH | BW26: Normal Work | BX26: Normal Work | BY26: Normal Work | BZ26: Normal Work | CC26: Normal Work | CD26: Normal Work | CE26: Normal Work | CF26: Normal Work | CG26: Normal Work | CK26: Normal Work | CL26: Normal Work | CM26: Normal Work | CN26: Normal Work | CR26: Annual Leave | CS26: Annual Leave | CT26: Annual Leave | CU26: Annual Leave | CX26: Normal Work | CY26: Normal Work | CZ26: Normal Work | DA26: Normal Work | DB26: Annual Leave | DE26: Normal Work | DF26: Normal Work | DG26: Normal Work | DH26: Normal Work | DI26: Normal Work | DL26: Normal Work | DM26: Normal Work | DN26: Normal Work | DO26: Normal Work | DP26: Normal Work | DS26: Normal Work | DT26: Normal Work | DU26: Normal Work | DV26: Normal Work | DW26: Normal Work | DZ26: Normal Work | EA26: Normal Work | EB26: Normal Work | EC26: Normal Work | ED26: Normal Work | EG26: Normal Work | EH26: Normal Work | EI26: Normal Work | EJ26: Normal Work | EK26: Normal Work | EN26: Normal Work | EO26: Normal Work | EP26: Normal Work | EQ26: Normal Work | ER26: Normal Work | EU26: Normal Work | EV26: Normal Work | EW26: Normal Work | EX26: Normal Work | EY26: Normal Work | FB26: Normal Work | FC26: Annual Leave | FD26: Normal Work | FE26: Normal Work | FF26: Normal Work | FI26: Normal Work | FJ26: Normal Work | FK26: Normal Work | FL26: Normal Work | FM26: Normal Work | FP26: Normal Work | FQ26: Normal Work | FR26: Normal Work | FS26: Normal Work | FT26: Normal Work | FW26: Normal Work | FX26: Normal Work | FY26: Normal Work | FZ26: Normal Work | GA26: Normal Work | GE26: Annual Leave | GF26: Annual Leave | GG26: Annual Leave | GH26: Annual Leave | GK26: Normal Work | GL26: Normal Work | GM26: Normal Work | GN26: Normal Work | GO26: Normal Work | GR26: Normal Work | GS26: Normal Work | GT26: Normal Work | GU26: Normal Work | GV26: Normal Work | GY26: Normal Work | GZ26: Normal Work | HA26: Normal Work | HB26: Normal Work | HC26: Normal Work | HF26: Normal Work | HG26: Normal Work | HH26: Normal Work | HI26: Normal Work | HJ26: Normal Work | HM26: Normal Work | HN26: Normal Work | HO26: Normal Work | HP26: Normal Work | HQ26: Normal Work | HT26: Normal Work | HU26: Normal Work | HV26: Normal Work | HW26: Normal Work | HX26: Normal Work | IA26: Normal Work | IB26: Normal Work | IC26: Normal Work | ID26: Normal Work | IE26: Normal Work | IH26: Normal Work | II26: Normal Work | IJ26: Normal Work | IK26: Normal Work | IL26: Normal Work | IO26: Annual Leave | IP26: Annual Leave | IQ26: Annual Leave | IR26: Annual Leave | IS26: Annual Leave | IV26: Normal Work | IW26: Normal Work | IX26: Normal Work | IY26: Normal Work | IZ26: Normal Work | JC26: Normal Work | JD26: Normal Work | JE26: Normal Work | JF26: Normal Work | JG26: Normal Work | JJ26: Normal Work | JK26: Normal Work | JL26: Normal Work | JM26: Normal Work | JN26: Normal Work | JQ26: Normal Work | JR26: Normal Work | JS26: Normal Work | JT26: Normal Work | JU26: Normal Work | JX26: Normal Work | JY26: Normal Work | JZ26: Normal Work | KA26: Normal Work | KB26: Normal Work | KE26: Normal Work | KF26: Normal Work | KG26: Normal Work | KH26: Normal Work | KI26: Normal Work | KL26: Normal Work | KM26: Normal Work | KN26: Normal Work | KO26: Normal Work | KP26: Normal Work | KS26: Normal Work | KT26: Normal Work | KW26: Annual Leave | KZ26: Annual Leave | LA26: Annual Leave
A27: Amy Rawle | B27: MGMT | IV27: Normal Work | IW27: Normal Work | IX27: Normal Work | IY27: Normal Work | IZ27: Normal Work | JC27: Normal Work | JD27: Normal Work | JE27: Normal Work | JF27: Normal Work | JG27: Normal Work | JJ27: Normal Work | JK27: Normal Work | JL27: Annual Leave | JM27: Normal Work | JN27: Normal Work | JQ27: Normal Work | JR27: Normal Work | JS27: Normal Work | JT27: Normal Work | JU27: Normal Work | JX27: Normal Work | JY27: Normal Work | JZ27: Normal Work | KA27: Normal Work | KB27: Normal Work | KE27: Normal Work | KF27: Annual Leave | KG27: Annual Leave | KH27: Annual Leave | KI27: Annual Leave | KL27: Normal Work | KM27: Normal Work | KN27: Normal Work | KO27: Normal Work | KP27: Normal Work | KS27: Normal Work | KT27: Normal Work | KW27: Annual Leave | KZ27: Annual Leave | LA27: Annual Leave
A28: Karl Smith | B28: MGMT | C28: MGMT | D28: Normal Work | E28: Normal Work | F28: Normal Work | G28: Normal Work | H28: Normal Work | K28: Normal Work | L28: Normal Work | M28: Normal Work | N28: Normal Work | O28: Normal Work | R28: Normal Work | S28: Normal Work | T28: Normal Work | U28: Normal Work | V28: Normal Work | Y28: Normal Work | Z28: Normal Work | AA28: Normal Work | AB28: Normal Work | AC28: PROJECTS | AF28: PROJECTS | AG28: Normal Work | AH28: Normal Work | AI28: Normal Work | AJ28: BH | AM28: BH | AN28: Annual Leave | AO28: Annual Leave | AP28: Annual Leave | AQ28: Annual Leave | AT28: Projects | AU28: Normal Work | AV28: Normal Work | AW28: Normal Work | AX28: Normal Work | BA28: Normal Work | BB28: Normal Work | BC28: Normal Work | BD28: Normal Work | BE28: Leave | BH28: Normal Work | BI28: Normal Work | BJ28: Normal Work | BK28: Normal Work | BL28: Normal Work | BV28: BH
A29: Vacancies
A30: Vacancy | B30: Service Desk | AJ30: BH | AM30: BH | BV30: BH | GY30: Normal Work | GZ30: Normal Work | HA30: Normal Work | HB30: Normal Work | HC30: Normal Work | HF30: Normal Work | HG30: Normal Work | HH30: Normal Work | HI30: Normal Work | HJ30: Normal Work | HM30: Normal Work | HN30: Normal Work | HO30: Normal Work | HP30: Normal Work | HQ30: Normal Work | HT30: Normal Work | HU30: Normal Work | HV30: Normal Work | HW30: Normal Work | HX30: Normal Work
D31: Monday 26/02/24 | E31: Tuesday 27/02/24 | F31: Wednesday 28/02/24 | G31: Thursday 29/02/24 | H31: Friday 01/03/24 | I31: Saturday 02/03/24 | J31: Sunday 03/03/24 | K31: Monday 04/03/24 | L31: Tuesday 05/03/24 | M31: Wednesday 06/03/24 | N31: Thursday 07/03/24 | O31: Friday 08/03/24 | P31: Saturday 09/03/24 | Q31: Sunday 10/03/24 | R31: Monday 11/03/24 | S31: Tuesday 12/03/24 | T31: Wednesday 13/03/24 | U31: Thursday 14/03/24 | V31: Friday 15/03/24 | W31: Saturday 16/03/24 | X31: Sunday 17/03/24 | Y31: Monday 18/03/24 | Z31: Tuesday 19/03/25 | AA31: Wednesday 20/03/24 | AB31: Thursday 21/03/24 | AC31: Friday 22/03/24 | AD31: Saturday 23/03/24 | AE31: Sunday 24/03/24 | AF31: Monday 25/03/24 | AG31: Tuesday 26/03/25 | AH31: Wednesday 27/03/24 | AI31: Thursday 28/03/24 | AJ31: Friday 29/03/24 | AK31: Saturday 30/03/24 | AL31: Sunday 31/03/24 | AM31: Monday 01/04/2024 | AN31: Tuesday 02/04/2024 | AO31: Wednesday 03/04/2024 | AP31: Thursday 04/04/2024 | AQ31: Friday 05/04/2024 | AR31: Saturday 06/04/2024 | AS31: Sunday 07/04/2024 | AT31: Monday 08/04/2024 | AU31: Tuesday 09/04/2024 | AV31: Wednesday 10/04/2024 | AW31: Thursday 11/04/2024 | AX31: Friday 12/04/24 | AY31: Saturday 13/04/2024 | AZ31: Sunday 14/04/2024 | BA31: Monday 15/04/2024 | BB31: Tuesday 16/04/2024 | BC31: Wednesday 17/04/2024 | BD31: Thursday 18/04/2024 | BE31: Friday 19/04/24 | BF31: Saturday 20/04/2024 | BG31: Sunday 21/04/2024 | BH31: Monday 22/04/2024 | BI31: Tuesday 23/04/2024 | BJ31: Wednesday 24/04/2024 | BK31: Thursday 25/04/2024 | BL31: Friday 26/04/24 | BM31: Saturday 27/04/2024 | BN31: Sunday 28/04/2024 | BO31: Monday 29/04/2024 | BP31: Tuesday 30/04/2024 | BQ31: Wednesday 01/05/2024 | BR31: Thursday 02/05/2024 | BS31: Friday 03/05/24 | BT31: Saturday 04/05/2024 | BU31: Sunday 05/05/2024 | BV31: Monday 06/05/2024 | BW31: Tuesday 07/05/2024 | BX31: Wednesday 08/05/2024 | BY31: Thursday 09/05/2024 | BZ31: Friday 10/05/2024 | CA31: Saturday 11/05/2024 | CB31: Sunday 12/05/2024 | CC31: Monday 13/05/2024 | CD31: Tuesday 14/05/2024 | CE31: Wednesday 15/05/2024 | CF31: Thursday 16/05/2024 | CG31: Friday 17/05/24 | CH31: 45430 | CI31: 45431 | CJ31: 45432 | CK31: 45433 | CL31: 45434 | CM31: 45435 | CN31: 45436 | CO31: 45437 | CP31: 45438 | CQ31: 45439 | CR31: 45440 | CS31: 45441 | CT31: 45442 | CU31: 45443 | CV31: 45444 | CW31: 45445 | CX31: 45446 | CY31: 45447 | CZ31: 45448 | DA31: 45449 | DB31: 45450 | DC31: 45451 | DD31: 45452 | DE31: 45453 | DF31: 45454 | DG31: 45455 | DH31: 45456 | DI31: 45457 | DJ31: 45458 | DK31: 45459 | DL31: 45460 | DM31: 45461 | DN31: 45462 | DO31: 45463 | DP31: 45464 | DQ31: 45465 | DR31: 45466 | DS31: 45467 | DT31: 45468 | DU31: 45469 | DV31: 45470 | DW31: 45471 | DX31: 45472 | DY31: 45473 | DZ31: 45474 | EA31: 45475 | EB31: 45476 | EC31: 45477 | ED31: 45478 | EG31: 45481 | EH31: 45482 | EI31: 45483 | EJ31: 45484 | EK31: 45485 | EN31: 45488 | EO31: 45489 | EP31: 45490 | EQ31: 45491 | ER31: 45492 | EU31: 45495 | EV31: 45496 | EW31: 45497 | EX31: 45498 | EY31: 45499 | FB31: 45502 | FC31: 45503 | FD31: 45504 | FE31: 45505 | FF31: 45506 | FI31: 45509 | FJ31: 45510 | FK31: 45511 | FL31: 45512 | FM31: 45513 | FP31: 45516 | FQ31: 45517 | FR31: 45518 | FS31: 45519 | FT31: 45520 | FW31: 45523 | FX31: 45524 | FY31: 45525 | FZ31: 45526 | GA31: 45527 | GB31: 45528 | GC31: 45529 | GD31: 45530 | GE31: 45531 | GF31: 45532 | GG31: 45533 | GH31: 45534 | GI31: 45535 | GJ31: 45536 | GK31: 45537 | GL31: 45538 | GM31: 45539 | GN31: 45540 | GO31: 45541 | GP31: 45542 | GQ31: 45543 | GR31: 45544 | GS31: 45545 | GT31: 45546 | GU31: 45547 | GV31: 45548 | GW31: 45549 | GX31: 45550 | GY31: 45551 | GZ31: 45552 | HA31: 45553 | HB31: 45554 | HC31: 45555 | HD31: 45556 | HE31: 45557 | HF31: 45558 | HG31: 45559 | HH31: 45560 | HI31: 45561 | HJ31: 45562 | HK31: 45563 | HL31: 45564 | HM31: 45565 | HN31: 45566 | HO31: 45567 | HP31: 45568 | HQ31: 45569 | HR31: 45570 | HS31: 45571 | HT31: 45572 | HU31: 45573 | HV31: 45574 | HW31: 45575 | HX31: 45576 | HY31: 45577 | HZ31: 45578 | IA31: 45579 | IB31: 45580 | IC31: 45581 | ID31: 45582 | IE31: 45583 | IF31: 45584 | IG31: 45585 | IH31: 45586 | II31: 45587 | IJ31: 45588 | IK31: 45589 | IL31: 45590 | IM31: 45591 | IN31: 45592 | IO31: 45593 | IP31: 45594 | IQ31: 45595 | IR31: 45596 | IS31: 45597 | IT31: 45598 | IU31: 45599 | IV31: 45600 | IW31: 45601 | IX31: 45602 | IY31: 45603 | IZ31: 45604 | JA31: 45605 | JB31: 45606 | JC31: 45607 | JD31: 45608 | JE31: 45609 | JF31: 45610 | JG31: 45611 | JH31: 45612 | JI31: 45613 | JJ31: 45614 | JK31: 45615 | JL31: 45616 | JM31: 45617 | JN31: 45618 | JO31: 45619 | JP31: 45620 | JQ31: 45621 | JR31: 45622 | JS31: 45623 | JT31: 45624 | JU31: 45625 | JV31: 45626 | JW31: 45627 | JX31: 45628 | JY31: 45629 | JZ31: 45630 | KA31: 45631 | KB31: 45632 | KC31: 45633 | KD31: 45634 | KE31: 45635 | KF31: 45636 | KG31: 45637 | KH31: 45638 | KI31: 45639 | KJ31: 45640 | KK31: 45641 | KL31: 45642 | KM31: 45643 | KN31: 45644 | KO31: 45645 | KP31: 45646 | KQ31: 45647 | KR31: 45648 | KS31: 45649 | KT31: 45650 | KU31: 45651 | KV31: 45652 | KW31: 45653 | KX31: 45654 | KY31: 45655 | KZ31: 45656 | LA31: 45657 | LG31: 45663 | LH31: 45664 | LI31: 45665 | LJ31: 45666 | LK31: 45667 | LL31: 45668 | LM31: 45669 | LN31: 45670 | LO31: 45671 | LP31: 45672 | LQ31: 45673 | LR31: 45674 | LS31: 45675 | LT31: 45676 | LU31: 45677 | LV31: 45678 | LW31: 45679 | LX31: 45680 | LY31: 45681 | LZ31: 45682 | MA31: 45683 | MB31: 45684 | MC31: 45685 | MD31: 45686 | ME31: 45687 | MF31: 45688 | MG31: 45689 | MH31: 45690 | MI31: 45691 | MJ31: 45692 | MK31: 45693 | ML31: 45694 | MM31: 45695 | MN31: 45696 | MO31: 45697 | MP31: 45698 | MQ31: 45699 | MR31: 45700 | MS31: 45701 | MT31: 45702 | MU31: 45703 | MV31: 45704 | MW31: 45705 | MX31: 45706 | MY31: 45707 | MZ31: 45708 | NA31: 45709 | NB31: 45710 | NC31: 45711 | ND31: 45712 | NE31: 45713 | NF31: 45714 | NG31: 45715 | NH31: 45716 | NI31: 45717 | NJ31: 45718 | NK31: 45719 | NL31: 45720 | NM31: 45721 | NN31: 45722 | NO31: 45723 | NP31: 45724 | NQ31: 45725 | NR31: 45726 | NS31: 45727 | NT31: 45728 | NU31: 45729 | NV31: 45730 | NW31: 45731 | NX31: 45732 | NY31: 45733 | NZ31: 45734 | OA31: 45735 | OB31: 45736 | OC31: 45737 | OD31: 45738 | OE31: 45739 | OF31: 45740 | OG31: 45741 | OH31: 45742 | OI31: 45743 | OJ31: 45744 | OK31: 45745 | OL31: 45746 | OM31: 45747 | ON31: 45748 | OO31: 45749 | OP31: 45750 | OQ31: 45751 | OR31: 45752 | OS31: 45753 | OT31: 45754 | OU31: 45755 | OV31: 45756 | OW31: 45757 | OX31: 45758 | OY31: 45759 | OZ31: 45760 | PA31: 45761 | PB31: 45762 | PC31: 45763 | PD31: 45764 | PE31: 45765 | PF31: 45766 | PG31: 45767 | PH31: 45768 | PI31: 45769 | PJ31: 45770 | PK31: 45771 | PL31: 45772 | PM31: 45773 | PN31: 45774 | PO31: 45775 | PP31: 45776 | PQ31: 45777 | PR31: 45778 | PS31: 45779 | PT31: 45780 | PU31: 45781 | PV31: 45782 | PW31: 45783 | PX31: 45784 | PY31: 45785 | PZ31: 45786 | QA31: 45787 | QB31: 45788 | QC31: 45789 | QD31: 45790 | QE31: 45791 | QF31: 45792 | QG31: 45793 | QH31: 45794 | QI31: 45795 | QJ31: 45796 | QK31: 45797 | QL31: 45798 | QM31: 45799 | QN31: 45800 | QO31: 45801 | QP31: 45802 | QQ31: 45803 | QR31: 45804 | QS31: 45805 | QT31: 45806 | QU31: 45807 | QV31: 45808 | QW31: 45809 | QX31: 45810
A32: Number of SD Team | B32: 6 | D32: Example 3/6 | E32: Example 2/6 | F32: TBC | G32: TBC | H32: TBC | K32: TBC | L32: TBC | M32: TBC | N32: TBC | O32: TBC | R32: TBC | S32: TBC | T32: TBC | U32: TBC | V32: TBC | Y32: TBC | Z32: TBC | AA32: TBC | AB32: TBC | AC32: TBC | AF32: TBC | AG32: TBC | AH32: TBC | AI32: TBC | AJ32: BH | AM32: BH | AN32: TBC | AO32: TBC | AP32: TBC | AQ32: TBC | AT32: TBC | AU32: TBC | AV32: TBC | AW32: TBC | AX32: TBC | BA32: TBC | BB32: TBC | BC32: TBC | BD32: TBC | BE32: TBC | BH32: TBC | BI32: TBC | BJ32: TBC | BK32: TBC | BL32: TBC | BO32: TBC | BP32: TBC | BQ32: TBC | BR32: TBC | BS32: TBC | BV32: BH | BW32: TBC | BX32: TBC | BY32: TBC | BZ32: TBC | CC32: TBC | CD32: TBC | CE32: TBC | CF32: TBC | CG32: TBC | CJ32: TBC | CK32: TBC | CL32: TBC | CM32: TBC | CN32: TBC | CR32: TBC | CS32: TBC | CT32: TBC | CU32: TBC | CX32: TBC | CY32: TBC | CZ32: TBC | DA32: TBC | DB32: TBC
A33: Ticket Open Open | F33: 66 | G33: 46 | H33: 62 | I33: 6 | J33: 7 | K33: 52 | L33: 49 | M33: 69 | N33: 50 | O33: 51 | P33: 10 | Q33: 8 | R33: 76 | S33: 67 | T33: 60 | U33: 59 | V33: 84 | W33: 8 | X33: 6 | Y33: 65 | Z33: 67 | AA33: 45 | AB33: 53 | AC33: 44 | AD33: 4 | AE33: 1 | AF33: 42 | AG33: 53 | AH33: 43 | AI33: 69 | AJ33: BH | AM33: 19 | AN33: 53 | AO33: 55 | AP33: 34 | AQ33: 34 | AR33: 4 | AS33: 17 | AT33: 57 | AU33: 48 | AV33: 44 | AW33: 44 | AX33: 43 | AY33: 19 | AZ33: 6 | BA33: 66 | BB33: 83 | BC33: 58 | BD33: 76 | BE33: 51 | BF33: 18 | BG33: 9 | BH33: 79 | BI33: 52 | BJ33: 53 | BK33: 64 | BL33: 49 | BM33: 7 | BN33: 4 | BO33: 46 | BP33: 64 | BQ33: 28 | BR33: 58 | BS33: 34 | BT33: 7 | BU33: 9 | BV33: 9 | BW33: 44 | BX33: 54 | BY33: 50 | BZ33: 10 | CA33: 3 | CB33: 6 | CC33: 35 | CD33: 46 | CE33: 64 | CF33: 72 | CG33: 51 | CH33: 17 | CI33: 8 | CJ33: 69 | CK33: 63 | CL33: 39 | CM33: 59 | CN33: 41 | CO33: 9 | CP33: 10 | CQ33: 23 | CR33: 29 | CS33: 36 | CT33: 0 | CU33: 0 | CX33: 73 | CY33: 70 | CZ33: 50 | DA33: 62 | DB33: 61 | DC33: 16 | DD33: 7 | DE33: 44 | DF33: 62 | DG33: 43 | DH33: 78 | DI33: 70 | DJ33: 5 | DK33: 4 | DL33: 43 | DM33: 54 | DN33: 30 | DO33: 39 | DP33: 54 | DQ33: 12 | DR33: 9 | DS33: 94 | DT33: 45 | DU33: 45 | DV33: 50 | DW33: 53 | DX33: 4 | DY33: 8 | DZ33: 66 | EA33: 55 | EB33: 45 | EC33: 28 | ED33: 52 | EE33: 13 | EF33: 8 | EG33: 64 | EH33: 53 | EI33: 46 | EJ33: 37 | EK33: 39 | EL33: 9 | EM33: 0 | EN33: 60 | EO33: 39 | EP33: 41 | EQ33: 57 | ER33: 50 | EU33: 42 | EV33: 41 | EW33: 33 | EX33: 44 | EY33: 31 | FB33: 43 | FC33: 37 | FD33: 48 | FE33: 45 | FF33: 35 | FI33: 36 | FJ33: 47 | FK33: 46 | FL33: 32 | FM33: 39 | FP33: 32 | FQ33: 40 | FR33: 24 | FS33: 46 | FT33: 53 | FW33: 55 | FX33: 38 | FY33: 63 | FZ33: 49 | GA33: 23 | GE33: 42 | GF33: 28 | GG33: 50 | GH33: 23 | GI33: 6 | GJ33: 10 | GK33: 84 | GL33: 60 | GM33: 86 | GN33: 70 | GO33: 57 | GR33: 65 | GS33: 59 | GT33: 39 | GU33: 53 | GV33: 40 | GY33: 62 | GZ33: 48 | HA33: 48 | HB33: 54 | HC33: 45 | HF33: 61 | HG33: 72 | HH33: 58 | HI33: 42 | HJ33: 42 | HM33: 58 | HN33: 44 | HO33: 56 | HP33: 64 | HQ33: 44 | HT33: 122 | HU33: 64 | HV33: 61 | HW33: 56 | HX33: 45 | IA33: 64 | IB33: 46 | IC33: 33 | ID33: 53 | IE33: 34 | IH33: 27 | II33: 40 | IJ33: 31 | IK33: 37 | IL33: 33 | IO33: 37 | IP33: 34 | IQ33: 38 | IR33: 30 | IS33: 29 | IV33: 47 | IW33: 53 | IX33: 47 | IY33: 56 | IZ33: 51 | JC33: 68 | JD33: 59 | JE33: 48 | JF33: 57 | JG33: 49 | JJ33: 49 | JK33: 32 | JL33: 46 | JM33: 41 | JN33: 25 | JQ33: 60 | JR33: 43 | JS33: 31 | JT33: 35 | JU33: 46 | JX33: 44 | JY33: 57 | JZ33: 54 | KA33: 30 | KB33: 39 | KE33: 33 | KF33: 34 | KG33: 45 | KH33: 32 | KI33: 37 | KL33: 27 | KM33: 40 | KN33: 28 | KO33: 36 | KP33: 43 | KS33: 23 | KT33: 7 | KW33: 12 | KZ33: 6 | LA33: 8
A34: Tickets Closed by SD | F34: 21 | G34: 34 | H34: 60 | K34: 46 | L34: 36 | M34: 40 | N34: 45 | O34: 37 | P34: 0 | Q34: 0 | R34: 65 | S34: 39 | T34: 36 | U34: 32 | V34: 44 | W34: 0 | X34: 0 | Y34: 40 | Z34: 36 | AA34: 22 | AB34: 36 | AC34: 48 | AD34: 1 | AE34: 0 | AF34: 37 | AG34: 40 | AH34: 39 | AI34: 29 | AN34: 69 | AO34: 45 | AP34: 29 | AQ34: 49 | AR34: 2 | AS34: 0 | AT34: 45 | AU34: 34 | AV34: 35 | AW34: 32 | AX34: 35 | AY34: 6 | AZ34: 1 | BA34: 56 | BB34: 56 | BC34: 41 | BD34: 50 | BE34: 36 | BF34: 3 | BG34: 2 | BH34: 50 | BI34: 37 | BJ34: 45 | BK34: 48 | BL34: 41 | BM34: 3 | BN34: 0 | BO34: 29 | BP34: 36 | BQ34: 19 | BR34: 33 | BS34: 32 | BT34: 0 | BU34: 5 | BV34: 0 | BW34: 54 | BX34: 38 | BY34: 36 | BZ34: 29 | CA34: 2 | CB34: 0 | CC34: 37 | CD34: 33 | CE34: 35 | CF34: 46 | CG34: 38 | CH34: 8 | CI34: 3 | CJ34: 54 | CK34: 22 | CL34: 37 | CM34: 34 | CN34: 41 | CO34: 5 | CP34: 6 | CQ34: 14 | CR34: 22 | CS34: 29 | CT34: 0 | CU34: 0 | CX34: 61 | CY34: 55 | CZ34: 34 | DA34: 51 | DB34: 41 | DC34: 5 | DD34: 2 | DE34: 34 | DF34: 50 | DG34: 29 | DH34: 44 | DI34: 46 | DJ34: 2 | DK34: 2 | DL34: 49 | DM34: 42 | DN34: 24 | DO34: 23 | DP34: 33 | DS34: 67 | DT34: 36 | DU34: 32 | DV34: 34 | DW34: 39 | DX34: 2 | DY34: 2 | DZ34: 42 | EA34: 37 | EB34: 33 | EC34: 16 | ED34: 34 | EE34: 1 | EF34: 3 | EG34: 62 | EH34: 36 | EI34: 36 | EJ34: 37 | EK34: 32 | EL34: 5 | EM34: 0 | EN34: 39 | EO34: 40 | EP34: 34 | EQ34: 40 | ER34: 29 | EU34: 36 | EV34: 37 | EW34: 31 | EX34: 27 | EY34: 24 | FB34: 26 | FC34: 35 | FD34: 20 | FE34: 26 | FF34: 26 | FI34: 22 | FJ34: 28 | FK34: 36 | FL34: 29 | FM34: 36 | FP34: 31 | FQ34: 25 | FR34: 16 | FS34: 25 | FT34: 20 | FW34: 21 | FX34: 36 | FY34: 30 | FZ34: 36 | GA34: 22 | GE34: 35 | GF34: 29 | GG34: 40 | GH34: 12 | GJ34: 5 | GK34: 40 | GL34: 26 | GM34: 47 | GN34: 42 | GO34: 31 | GR34: 35 | GS34: 44 | GT34: 28 | GU34: 23 | GV34: 23 | GY34: 38 | GZ34: 32 | HA34: 33 | HB34: 35 | HC34: 26 | HF34: 35 | HG34: 45 | HH34: 42 | HI34: 32 | HJ34: 26 | HM34: 30 | HN34: 21 | HO34: 22 | HP34: 29 | HQ34: 28 | HT34: 66 | HU34: 36 | HV34: 41 | HW34: 33 | HX34: 35 | IA34: 29 | IB34: 29 | IC34: 32 | ID34: 22 | IE34: 22 | IH34: 16 | II34: 25 | IJ34: 28 | IK34: 20 | IL34: 23 | IO34: 33 | IP34: 32 | IQ34: 24 | IR34: 16 | IS34: 8 | IV34: 21 | IW34: 26 | IX34: 23 | IY34: 30 | IZ34: 23 | JC34: 33 | JD34: 37 | JE34: 18 | JF34: 24 | JG34: 25 | JJ34: 20 | JK34: 21 | JL34: 23 | JM34: 14 | JN34: 26 | JQ34: 33 | JR34: 19 | JS34: 23 | JT34: 15 | JU34: 22 | JX34: 23 | JY34: 29 | JZ34: 24 | KA34: 15 | KB34: 15 | KE34: 20 | KF34: 23 | KG34: 26 | KH34: 13 | KI34: 16 | KL34: 20 | KM34: 22 | KN34: 19 | KO34: 23 | KP34: 22 | KS34: 26 | KT34: 4 | KW34: 8 | KZ34: 4 | LA34: 3
A35: Total Tickets Closed | F35: 65 | G35: 52 | H35: 93 | I35: 7 | J35: 0 | K35: 57 | L35: 48 | M35: 51 | N35: 68 | O35: 47 | P35: 0 | Q35: 0 | R35: 81 | S35: 52 | T35: 70 | U35: 53 | V35: 78 | W35: 3 | X35: 3 | Y35: 82 | Z35: 49 | AA35: 54 | AB35: 65 | AC35: 67 | AD35: 4 | AE35: 1 | AF35: 51 | AG35: 53 | AH35: 58 | AI35: 57 | AN35: 102 | AO35: 65 | AP35: 35 | AQ35: 57 | AR35: 2 | AS35: 0 | AT35: 67 | AU35: 54 | AV35: 55 | AW35: 49 | AX35: 51 | AY35: 6 | AZ35: 1 | BA35: 69 | BB35: 79 | BC35: 64 | BD35: 85 | BE35: 70 | BF35: 4 | BG35: 3 | BH35: 77 | BI35: 61 | BJ35: 54 | BK35: 67 | BL35: 67 | BM35: 4 | BN35: 0 | BO35: 50 | BP35: 62 | BQ35: 35 | BR35: 54 | BS35: 39 | BT35: 0 | BU35: 6 | BV35: 0 | BW35: 87 | BX35: 45 | BY35: 49 | BZ35: 53 | CA35: 2 | CB35: 0 | CC35: 50 | CD35: 59 | CE35: 49 | CF35: 73 | CG35: 60 | CH35: 8 | CI35: 3 | CJ35: 70 | CK35: 58 | CL35: 43 | CM35: 58 | CN35: 58 | CO35: 5 | CP35: 6 | CQ35: 15 | CR35: 30 | CS35: 35 | CT35: 0 | CU35: 0 | CX35: 81 | CY35: 77 | CZ35: 48 | DA35: 66 | DB35: 52 | DC35: 5 | DD35: 2 | DE35: 66 | DF35: 61 | DG35: 41 | DH35: 76 | DI35: 76 | DJ35: 2 | DK35: 2 | DL35: 72 | DM35: 57 | DN35: 34 | DO35: 34 | DP35: 50 | DQ35: 6 | DR35: 3 | DS35: 109 | DT35: 54 | DU35: 47 | DV35: 42 | DW35: 47 | DX35: 2 | DY35: 2 | DZ35: 66 | EA35: 59 | EB35: 59 | EC35: 28 | ED35: 50 | EE35: 1 | EF35: 3 | EG35: 78 | EH35: 47 | EI35: 50 | EJ35: 49 | EK35: 54 | EL35: 5 | EM35: 0 | EN35: 54 | EO35: 46 | EP35: 46 | EQ35: 56 | ER35: 44 | EU35: 56 | EV35: 45 | EW35: 40 | EX35: 40 | EY35: 35 | FB35: 26 | FC35: 46 | FD35: 48 | FE35: 35 | FF35: 37 | FI35: 42 | FJ35: 41 | FK35: 46 | FL35: 35 | FM35: 42 | FP35: 45 | FQ35: 38 | FR35: 21 | FS35: 52 | FT35: 55 | FW35: 59 | FX35: 41 | FY35: 52 | FZ35: 66 | GA35: 45 | GE35: 50 | GF35: 33 | GG35: 55 | GH35: 20 | GJ35: 7 | GK35: 74 | GL35: 37 | GM35: 84 | GN35: 64 | GO35: 53 | GR35: 62 | GS35: 75 | GT35: 61 | GU35: 53 | GV35: 42 | GY35: 63 | GZ35: 62 | HA35: 50 | HB35: 53 | HC35: 56 | HF35: 54 | HG35: 66 | HH35: 79 | HI35: 57 | HJ35: 46 | HM35: 71 | HN35: 46 | HO35: 40 | HP35: 67 | HQ35: 54 | HT35: 124 | HU35: 54 | HV35: 74 | HW35: 59 | HX35: 52 | IA35: 64 | IB35: 51 | IC35: 48 | ID35: 45 | IE35: 44 | IH35: 28 | II35: 39 | IJ35: 39 | IK35: 29 | IL35: 38 | IO35: 48 | IP35: 44 | IQ35: 38 | IR35: 24 | IS35: 30 | IV35: 58 | IW35: 54 | IX35: 34 | IY35: 60 | IZ35: 50 | JC35: 74 | JD35: 71 | JE35: 39 | JF35: 62 | JG35: 59 | JJ35: 47 | JK35: 40 | JL35: 45 | JM35: 37 | JN35: 33 | JQ35: 60 | JR35: 38 | JS35: 47 | JT35: 37 | JU35: 43 | JX35: 48 | JY35: 52 | JZ35: 61 | KA35: 40 | KB35: 32 | KE35: 50 | KF35: 34 | KG35: 38 | KH35: 40 | KI35: 41 | KL35: 34 | KM35: 37 | KN35: 34 | KO35: 34 | KP35: 35 | KS35: 34 | KT35: 9 | KW35: 10 | KZ35: 15 | LA35: 10
A36: Deficit | D36: 20 | E36: 30 | F36: =F33-F35 -> 1 | G36: =G33-G35 -> -6 | H36: =H33-H35 -> -31 | I36: =I33-I35 -> -1 | J36: =J33-J35 -> 7 | K36: =K33-K35 -> -5 | L36: =L33-L35 -> 1 | M36: =M33-M35 -> 18 | ... AI36: =AI33-AI35 -> 12 | AJ36: BH | AM36: BH | AN36: =AN33-AN35 -> -49 | AO36: =AO33-AO35 -> -10 | AP36: =AP33-AP35 -> -1 | AQ36: =AQ33-AQ35 -> -23 | AR36: =AR33-AR35 -> 2 | AS36: =AS33-AS35 -> 17 | AT36: =AT33-AT35 -> -10 | AU36: =AU33-AU35 -> -6 | ... DP36: =DP33-DP35 -> 4 | DS36: =DS33-DS35 -> -15 | DT36: =DT33-DT35 -> -9 | DU36: =DU33-DU35 -> -2 | DV36: =DV33-DV35 -> 8 | DW36: =DW33-DW35 -> 6 | DZ36: =DZ33-DZ35 -> 0 | EA36: =EA33-EA35 -> -4 | EB36: =EB33-EB35 -> -14 | EC36: =EC33-EC35 -> 0 | ED36: =ED33-ED35 -> 2 | EG36: =EG33-EG35 -> -14 | EH36: =EH33-EH35 -> 6 | EI36: =EI33-EI35 -> -4 | EJ36: =EJ33-EJ35 -> -12 | EK36: =EK33-EK35 -> -15 | EN36: =EN33-EN35 -> 6 | EO36: =EO33-EO35 -> -7 | EP36: =EP33-EP35 -> -5 | EQ36: =EQ33-EQ35 -> 1 | ER36: =ER33-ER35 -> 6 | EU36: =EU33-EU35 -> -14 | EV36: =EV33-EV35 -> -4 | EW36: =EW33-EW35 -> -7 | EX36: =EX33-EX35 -> 4 | EY36: =EY33-EY35 -> -4 | FB36: =FB33-FB35 -> 17 | FC36: =FC33-FC35 -> -9 | FD36: =FD33-FD35 -> 0 | FE36: =FE33-FE35 -> 10 | FF36: =FF33-FF35 -> -2 | FI36: =FI33-FI35 -> -6 | FJ36: =FJ33-FJ35 -> 6 | FK36: =FK33-FK35 -> 0 | FL36: =FL33-FL35 -> -3 | FM36: =FM33-FM35 -> -3 | FP36: =FP33-FP35 -> -13 | FQ36: =FQ33-FQ35 -> 2 | FR36: =FR33-FR35 -> 3 | FS36: =FS33-FS35 -> -6 | FT36: =FT33-FT35 -> -2 | FW36: =FW33-FW35 -> -4 | FX36: =FX33-FX35 -> -3 | FY36: =FY33-FY35 -> 11 | FZ36: =FZ33-FZ35 -> -17 | GA36: =GA33-GA35 -> -22 | GE36: =GE33-GE35 -> -8 | GF36: =GF33-GF35 -> -5 | GG36: =GG33-GG35 -> -5 | GH36: =GH33-GH35 -> 3 | GK36: =GK33-GK35 -> 10 | GL36: =GL33-GL35 -> 23 | GM36: =GM33-GM35 -> 2 | GN36: =GN33-GN35 -> 6 | GO36: =GO33-GO35 -> 4 | GR36: =GR33-GR35 -> 3 | GS36: =GS33-GS35 -> -16 | GT36: =GT33-GT35 -> -22 | GU36: =GU33-GU35 -> 0 | GV36: =GV33-GV35 -> -2 | GY36: =GY33-GY35 -> -1 | GZ36: =GZ33-GZ35 -> -14 | HA36: =HA33-HA35 -> -2 | HB36: =HB33-HB35 -> 1 | HC36: =HC33-HC35 -> -11 | HF36: =HF33-HF35 -> 7 | HG36: =HG33-HG35 -> 6 | HH36: =HH33-HH35 -> -21 | HI36: =HI33-HI35 -> -15 | HJ36: =HJ33-HJ35 -> -4 | HM36: =HM33-HM35 -> -13 | HN36: =HN33-HN35 -> -2 | HO36: =HO33-HO35 -> 16 | HP36: =HP33-HP35 -> -3 | HQ36: =HQ33-HQ35 -> -10 | HT36: =HT33-HT35 -> -2 | HU36: =HU33-HU35 -> 10 | HV36: =HV33-HV35 -> -13 | HW36: =HW33-HW35 -> -3 | HX36: =HX33-HX35 -> -7 | IA36: =IA33-IA35 -> 0 | IB36: =IB33-IB35 -> -5 | IC36: =IC33-IC35 -> -15 | ID36: =ID33-ID35 -> 8 | IE36: =IE33-IE35 -> -10 | IH36: =IH33-IH35 -> -1 | II36: =II33-II35 -> 1 | IJ36: =IJ33-IJ35 -> -8 | IK36: =IK33-IK35 -> 8 | IL36: =IL33-IL35 -> -5 | IO36: =IO33-IO35 -> -11 | IP36: =IP33-IP35 -> -10 | IQ36: =IQ33-IQ35 -> 0 | IR36: =IR33-IR35 -> 6 | IS36: =IS33-IS35 -> -1 | IV36: =IV33-IV35 -> -11 | IW36: =IW33-IW35 -> -1 | IX36: =IX33-IX35 -> 13 | IY36: =IY33-IY35 -> -4 | IZ36: =IZ33-IZ35 -> 1 | JC36: =JC33-JC35 -> -6 | JD36: =JD33-JD35 -> -12 | JE36: =JE33-JE35 -> 9 | JF36: =JF33-JF35 -> -5 | JG36: =JG33-JG35 -> -10 | JJ36: =JJ33-JJ35 -> 2 | JK36: =JK33-JK35 -> -8 | JL36: =JL33-JL35 -> 1 | JM36: =JM33-JM35 -> 4 | JN36: =JN33-JN35 -> -8 | JO36: =JO33-JO35 -> 0 | JP36: =JP33-JP35 -> 0 | JQ36: =JQ33-JQ35 -> 0 | ... JU36: =JU33-JU35 -> 3 | JX36: =JX33-JX35 -> -4 | JY36: =JY33-JY35 -> 5 | JZ36: =JZ33-JZ35 -> -7 | KA36: =KA33-KA35 -> -10 | KB36: =KB33-KB35 -> 7 | KE36: =KE33-KE35 -> -17 | KF36: =KF33-KF35 -> 0 | KG36: =KG33-KG35 -> 7 | KH36: =KH33-KH35 -> -8 | KI36: =KI33-KI35 -> -4 | KL36: =KL33-KL35 -> -7 | KM36: =KM33-KM35 -> 3 | KN36: =KN33-KN35 -> -6 | KO36: =KO33-KO35 -> 2 | KP36: =KP33-KP35 -> 8 | KS36: =KS33-KS35 -> -11 | KT36: =KT33-KT35 -> -2 | KW36: =KW33-KW35 -> 2 | KZ36: =KZ33-KZ35 -> -9 | LA36: =LA33-LA35 -> -2
B37: MGMT | D37: =3/4 -> 0.75 | E37: =4/4 -> 1 | F37: =3/4 -> 0.75 | G37: =4/4 -> 1 | H37: =4/4 -> 1 | K37: =3/4 -> 0.75 | L37: =4/4 -> 1 | M37: =3/4 -> 0.75 | N37: =4/4 -> 1 | O37: =4/4 -> 1 | R37: =3/4 -> 0.75 | S37: =4/4 -> 1 | T37: =3/4 -> 0.75 | U37: =4/4 -> 1 | V37: =4/4 -> 1 | Y37: =3/4 -> 0.75 | Z37: =4/4 -> 1 | AA37: =3/4 -> 0.75 | AB37: =4/4 -> 1 | AC37: =4/4 -> 1 | AF37: =3/4 -> 0.75 | AG37: =4/4 -> 1 | AH37: =3/4 -> 0.75 | AI37: =4/4 -> 1 | AN37: =3/4 -> 0.75 | AO37: =4/4 -> 1 | AP37: =3/4 -> 0.75 | AQ37: =4/4 -> 1 | AT37: =3/4 -> 0.75 | AU37: =4/4 -> 1 | AV37: =3/4 -> 0.75 | AW37: =4/4 -> 1 | AX37: =4/4 -> 1 | BA37: =3/4 -> 0.75 | BB37: =4/4 -> 1 | BC37: =3/4 -> 0.75 | BD37: =4/4 -> 1 | BE37: =4/4 -> 1 | BH37: =3/4 -> 0.75 | BI37: =4/4 -> 1 | BJ37: =3/4 -> 0.75 | BK37: =4/4 -> 1 | BL37: =4/4 -> 1 | BO37: =3/4 -> 0.75 | BP37: =4/4 -> 1 | BQ37: =3/4 -> 0.75 | BR37: =4/4 -> 1 | BS37: =4/4 -> 1 | BW37: =4/4 -> 1 | BX37: =4/4 -> 1 | BY37: =4/4 -> 1 | BZ37: =4/4 -> 1 | CC37: =4/4 -> 1 | CD37: =3/4 -> 0.75 | CE37: =4/4 -> 1 | CF37: =3/4 -> 0.75 | CG37: =4/4 -> 1 | CJ37: =3/4 -> 0.75 | CK37: =4/4 -> 1 | CL37: =3/4 -> 0.75 | CM37: =4/4 -> 1 | CN37: =4/4 -> 1 | CR37: =3/4 -> 0.75 | CS37: =3/4 -> 0.75 | CT37: =3/4 -> 0.75 | CU37: =3/4 -> 0.75 | CX37: =4/4 -> 1 | CY37: =4/4 -> 1 | CZ37: =4/4 -> 1 | DA37: =4/4 -> 1 | DB37: =3/4 -> 0.75 | DE37: =4/4 -> 1 | DF37: =4/4 -> 1 | DG37: =4/4 -> 1 | DH37: =4/4 -> 1 | DI37: =4/4 -> 1 | DL37: =4/4 -> 1 | DM37: =4/4 -> 1 | DN37: =4/4 -> 1 | DO37: =4/4 -> 1 | DP37: =4/4 -> 1 | DS37: =4/4 -> 1 | DT37: =4/4 -> 1 | DU37: =4/4 -> 1 | DV37: =3/4 -> 0.75 | DW37: =3/4 -> 0.75 | DZ37: =3/4 -> 0.75 | EA37: =4/4 -> 1 | EB37: =4/4 -> 1 | EC37: =4/4 -> 1 | ED37: =4/4 -> 1 | EG37: =4/4 -> 1 | EH37: =4/4 -> 1 | EI37: =4/4 -> 1 | EJ37: =4/4 -> 1 | EK37: =4/4 -> 1 | EN37: =4/4 -> 1 | EO37: =4/4 -> 1 | EP37: =4/4 -> 1 | EQ37: =4/4 -> 1 | ER37: =4/4 -> 1 | EU37: =4/4 -> 1 | EV37: =4/4 -> 1 | EW37: =4/4 -> 1 | EX37: =4/4 -> 1 | EY37: =2/4 -> 0.5 | FB37: =4/4 -> 1 | FC37: =3/4 -> 0.75 | FD37: =4/4 -> 1 | FE37: =4/4 -> 1 | FF37: =4/4 -> 1 | FI37: =3/4 -> 0.75 | FJ37: =4/4 -> 1 | FK37: =3/4 -> 0.75 | FL37: =3/4 -> 0.75 | FM37: =3/4 -> 0.75 | FP37: =4/4 -> 1 | FQ37: =4/4 -> 1 | FR37: =3/4 -> 0.75 | FS37: =4/4 -> 1 | FT37: =4/4 -> 1 | FW37: =4/4 -> 1 | FX37: =4/4 -> 1 | FY37: =3/4 -> 0.75 | FZ37: =3/4 -> 0.75 | GA37: =3/4 -> 0.75 | GE37: =2/4 -> 0.5 | GF37: =2/4 -> 0.5 | GG37: =2/4 -> 0.5 | GH37: =2/4 -> 0.5 | GK37: =2/4 -> 0.5 | GL37: =2/4 -> 0.5 | GM37: =3/4 -> 0.75 | GN37: =3/4 -> 0.75 | GO37: =3/4 -> 0.75 | GR37: =4/4 -> 1 | GS37: =4/4 -> 1 | GT37: =4/4 -> 1 | GU37: =4/4 -> 1 | GV37: =4/4 -> 1 | GY37: =3/4 -> 0.75 | GZ37: =3/4 -> 0.75 | HA37: =3/4 -> 0.75 | HB37: =3/4 -> 0.75 | HC37: =3/4 -> 0.75 | HF37: =3/4 -> 0.75 | HG37: =4/4 -> 1 | HH37: =3/4 -> 0.75 | HI37: =3/4 -> 0.75 | HJ37: =3/4 -> 0.75 | HM37: =3/4 -> 0.75 | HN37: =3/4 -> 0.75 | HO37: =3/4 -> 0.75 | HP37: =3/4 -> 0.75 | HQ37: =3/4 -> 0.75 | HT37: =3/4 -> 0.75 | HU37: =3/4 -> 0.75 | HV37: =3/4 -> 0.75 | HW37: =3/4 -> 0.75 | HX37: =2/4 -> 0.5 | IA37: =3/4 -> 0.75 | IB37: =3/4 -> 0.75 | IC37: =3/4 -> 0.75 | ID37: =3/4 -> 0.75 | IE37: =3/4 -> 0.75 | IH37: =3/4 -> 0.75 | II37: =3/4 -> 0.75 | IJ37: =3/4 -> 0.75 | IK37: =3/4 -> 0.75 | IL37: =3/4 -> 0.75 | IO37: =2/4 -> 0.5 | IP37: =2/4 -> 0.5 | IQ37: =2/4 -> 0.5 | IR37: =2/4 -> 0.5 | IS37: =2/4 -> 0.5 | IV37: =2/4 -> 0.5 | IW37: =3/4 -> 0.75 | IX37: =3/4 -> 0.75 | IY37: =3/4 -> 0.75 | IZ37: =3/4 -> 0.75 | JC37: =4/4 -> 1 | JD37: =4/4 -> 1 | JE37: =4/4 -> 1 | JF37: =4/4 -> 1 | JG37: =4/4 -> 1 | JJ37: =4/4 -> 1 | JK37: =4/4 -> 1 | JL37: =3/4 -> 0.75 | JM37: =4/4 -> 1 | JN37: =4/4 -> 1 | JQ37: =4/4 -> 1 | JR37: =4/4 -> 1 | JS37: =4/4 -> 1 | JT37: =4/4 -> 1 | JU37: =3/4 -> 0.75 | JX37: =4/4 -> 1 | JY37: =4/4 -> 1 | JZ37: =4/4 -> 1 | KA37: =4/4 -> 1 | KB37: =4/4 -> 1 | KE37: =4/4 -> 1 | KF37: =3/4 -> 0.75 | KG37: =3/4 -> 0.75 | KH37: =3/4 -> 0.75 | KI37: =3/4 -> 0.75 | KL37: =3/4 -> 0.75 | KM37: =3/4 -> 0.75 | KN37: =3/4 -> 0.75 | KO37: =3/4 -> 0.75 | KP37: =3/4 -> 0.75 | KS37: =3/4 -> 0.75 | KT37: =3/4 -> 0.75 | KW37: =1/4 -> 0.25 | KZ37: =1/4 -> 0.25 | LA37: =1/4 -> 0.25
B38: SD Utilisation | D38: =3/6 -> 0.5 | E38: =3/6 -> 0.5 | F38: =4/6 -> 0.66666667 | G38: =4/6 -> 0.66666667 | H38: =4/6 -> 0.66666667 | K38: =4/6 -> 0.66666667 | L38: =4/6 -> 0.66666667 | M38: =4/6 -> 0.66666667 | N38: =4/6 -> 0.66666667 | O38: =4/6 -> 0.66666667 | R38: =3/6 -> 0.5 | S38: =3/6 -> 0.5 | T38: =4/6 -> 0.66666667 | U38: =4/6 -> 0.66666667 | V38: =5/6 -> 0.83333333 | Y38: =2/6 -> 0.33333333 | Z38: =3/6 -> 0.5 | AA38: =3/6 -> 0.5 | AB38: =3/6 -> 0.5 | AC38: =2/6 -> 0.33333333 | AF38: =4/6 -> 0.66666667 | AG38: =5/6 -> 0.83333333 | AH38: =4/6 -> 0.66666667 | AI38: =2/6 -> 0.33333333 | AN38: =5/6 -> 0.83333333 | AO38: =3/6 -> 0.5 | AP38: =3/6 -> 0.5 | AQ38: =3/6 -> 0.5 | AT38: =5/6 -> 0.83333333 | AU38: =6/6 -> 1 | AV38: =6/6 -> 1 | AW38: =6/6 -> 1 | AX38: =5/6 -> 0.83333333 | BA38: =5/6 -> 0.83333333 | BB38: =6/6 -> 1 | BC38: =6/6 -> 1 | BD38: =6/6 -> 1 | BE38: =5/6 -> 0.83333333 | BH38: =4/6 -> 0.66666667 | BI38: =5/6 -> 0.83333333 | BJ38: =5/6 -> 0.83333333 | BK38: =5/6 -> 0.83333333 | BL38: =5/6 -> 0.83333333 | BO38: =4/6 -> 0.66666667 | BP38: =5/6 -> 0.83333333 | BQ38: =5/6 -> 0.83333333 | BR38: =5/6 -> 0.83333333 | BS38: =5/6 -> 0.83333333 | BW38: =5/6 -> 0.83333333 | BX38: =5/6 -> 0.83333333 | BY38: =5/6 -> 0.83333333 | BZ38: =5/6 -> 0.83333333 | CC38: =4/6 -> 0.66666667 | CD38: =5/6 -> 0.83333333 | CE38: =4/6 -> 0.66666667 | CF38: =4/6 -> 0.66666667 | CG38: =4/6 -> 0.66666667 | CJ38: =5/6 -> 0.83333333 | CK38: =5/6 -> 0.83333333 | CL38: =4/6 -> 0.66666667 | CM38: =5/6 -> 0.83333333 | CN38: =5/6 -> 0.83333333 | CR38: =4/6 -> 0.66666667 | CS38: =3/6 -> 0.5 | CT38: =5/6 -> 0.83333333 | CU38: =5/6 -> 0.83333333 | CX38: =6/6 -> 1 | CY38: =6/6 -> 1 | CZ38: =5/6 -> 0.83333333 | DA38: =4/6 -> 0.66666667 | DB38: =6/6 -> 1 | DE38: =3/6 -> 0.5 | DF38: =3/6 -> 0.5 | DG38: =3/6 -> 0.5 | DH38: =4/6 -> 0.66666667 | DI38: =4/6 -> 0.66666667 | DL38: =5/6 -> 0.83333333 | DM38: =5/6 -> 0.83333333 | DN38: =5/6 -> 0.83333333 | DO38: =4/6 -> 0.66666667 | DP38: =4/6 -> 0.66666667 | DS38: =5/6 -> 0.83333333 | DT38: =6/6 -> 1 | DU38: =6/6 -> 1 | DV38: =6/6 -> 1 | DW38: =4/6 -> 0.66666667 | DZ38: =4/6 -> 0.66666667 | EA38: =4/6 -> 0.66666667 | EB38: =4/6 -> 0.66666667 | EC38: =5/6 -> 0.83333333 | ED38: =5/6 -> 0.83333333 | EG38: =5/6 -> 0.83333333 | EH38: =5/6 -> 0.83333333 | EI38: =5/6 -> 0.83333333 | EJ38: =5/6 -> 0.83333333 | EK38: =4/6 -> 0.66666667 | EN38: =5/6 -> 0.83333333 | EO38: =4/6 -> 0.66666667 | EP38: =4/6 -> 0.66666667 | EQ38: =5/6 -> 0.83333333 | ER38: =5/6 -> 0.83333333 | EU38: =3/6 -> 0.5 | EV38: =4/6 -> 0.66666667 | EW38: =4/6 -> 0.66666667 | EX38: =3/6 -> 0.5 | EY38: =4/6 -> 0.66666667 | FB38: =5/7 -> 0.71428571 | FC38: =5/7 -> 0.71428571 | FD38: =5/7 -> 0.71428571 | FE38: =5/7 -> 0.71428571 | FF38: =5/7 -> 0.71428571 | FI38: =3/7 -> 0.42857143 | FJ38: =5/7 -> 0.71428571 | FK38: =6/7 -> 0.85714286 | FL38: =6/7 -> 0.85714286 | FM38: =4/7 -> 0.57142857 | FP38: =4/7 -> 0.57142857 | FQ38: =4/7 -> 0.57142857 | FR38: =4/7 -> 0.57142857 | FS38: =4/7 -> 0.57142857 | FT38: =4/7 -> 0.57142857 | FW38: =3/7 -> 0.42857143 | FX38: =4/7 -> 0.57142857 | FY38: =4/7 -> 0.57142857 | FZ38: =4/7 -> 0.57142857 | GA38: =3/7 -> 0.42857143 | GE38: =6/7 -> 0.85714286 | GF38: =6/7 -> 0.85714286 | GG38: =6/7 -> 0.85714286 | GH38: =5/7 -> 0.71428571 | GK38: =6/7 -> 0.85714286 | GL38: =5/7 -> 0.71428571 | GM38: =6/7 -> 0.85714286 | GN38: =6/7 -> 0.85714286 | GO38: =6/7 -> 0.85714286 | GR38: =5/7 -> 0.71428571 | GS38: =5/7 -> 0.71428571 | GT38: =5/7 -> 0.71428571 | GU38: =6/7 -> 0.85714286 | GV38: =6/7 -> 0.85714286 | GY38: =6/7 -> 0.85714286 | GZ38: =5/7 -> 0.71428571 | HA38: =6/7 -> 0.85714286 | HB38: =6/7 -> 0.85714286 | HC38: =6/7 -> 0.85714286 | HF38: =5/7 -> 0.71428571 | HG38: =5/7 -> 0.71428571 | HH38: =5/7 -> 0.71428571 | HI38: =3/7 -> 0.42857143 | HJ38: =3/7 -> 0.42857143 | HM38: =4/7 -> 0.57142857 | HN38: =4/7 -> 0.57142857 | HO38: =5/7 -> 0.71428571 | HP38: =6/7 -> 0.85714286 | HQ38: =6/7 -> 0.85714286 | HT38: =6/7 -> 0.85714286 | HU38: =6/7 -> 0.85714286 | HV38: =6/7 -> 0.85714286 | HW38: =6/7 -> 0.85714286 | HX38: =6/7 -> 0.85714286 | IA38: =6/7 -> 0.85714286 | IB38: =6/7 -> 0.85714286 | IC38: =6/7 -> 0.85714286 | ID38: =6/7 -> 0.85714286 | IE38: =6/7 -> 0.85714286 | IH38: =6/7 -> 0.85714286 | II38: =6/7 -> 0.85714286 | IJ38: =6/7 -> 0.85714286 | IK38: =6/7 -> 0.85714286 | IL38: =5/7 -> 0.71428571 | IO38: =5/7 -> 0.71428571 | IP38: =5/7 -> 0.71428571 | IQ38: =5/7 -> 0.71428571 | IR38: =5/7 -> 0.71428571 | IS38: =5/7 -> 0.71428571 | IV38: =6/7 -> 0.85714286 | IW38: =6/7 -> 0.85714286 | IX38: =6/7 -> 0.85714286 | IY38: =6/7 -> 0.85714286 | IZ38: =5/7 -> 0.71428571 | JC38: =5/7 -> 0.71428571 | JD38: =5/7 -> 0.71428571 | JE38: =3/7 -> 0.42857143 | JF38: =3/7 -> 0.42857143 | JG38: =3/7 -> 0.42857143 | JJ38: =6/7 -> 0.85714286 | JK38: =5/7 -> 0.71428571 | JL38: =5/7 -> 0.71428571 | JM38: =5/7 -> 0.71428571 | JN38: =5/7 -> 0.71428571 | JQ38: =6/7 -> 0.85714286 | JR38: =6/7 -> 0.85714286 | JS38: =7/8 -> 0.875 | JT38: =6/8 -> 0.75 | JU38: =6/8 -> 0.75 | JX38: =5/8 -> 0.625 | JY38: =6/8 -> 0.75 | JZ38: =6/8 -> 0.75 | KA38: =5/8 -> 0.625 | KB38: =5/8 -> 0.625 | KE38: =5/8 -> 0.625 | KF38: =3/8 -> 0.375 | KG38: =3/8 -> 0.375 | KH38: =2/8 -> 0.25 | KI38: =4/8 -> 0.5 | KL38: =5/8 -> 0.625 | KM38: =5/8 -> 0.625 | KN38: =5/8 -> 0.625 | KO38: =4/8 -> 0.5 | KP38: =5/8 -> 0.625 | KS38: =5/8 -> 0.625 | KT38: =4/8 -> 0.5 | KW38: =2/8 -> 0.25 | KZ38: =3/8 -> 0.375 | LA38: =3/8 -> 0.375
B39: OST Utilisation | D39: =3/2 -> 1.5 | E39: =3/2 -> 1.5 | F39: =3/2 -> 1.5 | G39: =3/2 -> 1.5 | H39: =2/2 -> 1 | K39: =2/2 -> 1 | L39: =2/2 -> 1 | M39: =2/2 -> 1 | N39: =2/2 -> 1 | O39: =2/2 -> 1 | R39: =2/2 -> 1 | S39: =2/2 -> 1 | T39: =2/2 -> 1 | U39: =2/2 -> 1 | V39: =2/2 -> 1 | Y39: =3/2 -> 1.5 | Z39: =3/2 -> 1.5 | AA39: =3/2 -> 1.5 | AB39: =2/2 -> 1 | AC39: =2/2 -> 1 | AF39: =2/2 -> 1 | AG39: =2/2 -> 1 | AH39: =3/2 -> 1.5 | AI39: =3/2 -> 1.5 | AN39: =3/2 -> 1.5 | AO39: =3/2 -> 1.5 | AP39: =3/2 -> 1.5 | AQ39: =3/2 -> 1.5 | AT39: =0/2 -> 0 | AU39: =0/2 -> 0 | AV39: =1/2 -> 0.5 | AW39: =1/2 -> 0.5 | AX39: =1/2 -> 0.5 | BA39: =2/2 -> 1 | BB39: =2/2 -> 1 | BC39: =2/2 -> 1 | BD39: =2/2 -> 1 | BE39: =2/2 -> 1 | BH39: =2/2 -> 1 | BI39: =2/2 -> 1 | BJ39: =2/2 -> 1 | BK39: =2/2 -> 1 | BL39: =2/2 -> 1 | BO39: =2/2 -> 1 | BP39: =2/2 -> 1 | BQ39: =2/2 -> 1 | BR39: =2/2 -> 1 | BS39: =2/2 -> 1 | BW39: =2/2 -> 1 | BX39: =2/2 -> 1 | BY39: =2/2 -> 1 | BZ39: =2/2 -> 1 | CC39: =2/2 -> 1 | CD39: =2/2 -> 1 | CE39: =2/2 -> 1 | CF39: =2/2 -> 1 | CG39: =2/2 -> 1 | CJ39: =1/2 -> 0.5 | CK39: =1/2 -> 0.5 | CL39: =2/2 -> 1 | CM39: =2/2 -> 1 | CN39: =1/2 -> 0.5 | CR39: =0/2 -> 0 | CS39: =1/2 -> 0.5 | CT39: =1/2 -> 0.5 | CU39: =2/2 -> 1 | CX39: =1/2 -> 0.5 | CY39: =1/2 -> 0.5 | CZ39: =2/2 -> 1 | DA39: =2/2 -> 1 | DB39: =2/2 -> 1 | DE39: =1/2 -> 0.5 | DF39: =2/2 -> 1 | DG39: =0/2 -> 0 | DH39: =1/2 -> 0.5 | DI39: =1/2 -> 0.5 | DL39: =2/2 -> 1 | DM39: =2/2 -> 1 | DN39: =2/2 -> 1 | DO39: =1/2 -> 0.5 | DP39: =2/2 -> 1 | DS39: =2/2 -> 1 | DT39: =2/2 -> 1 | DU39: =2/2 -> 1 | DV39: =1/2 -> 0.5 | DW39: =3/2 -> 1.5 | DZ39: =2/2 -> 1 | EA39: =2/2 -> 1 | EB39: =2/2 -> 1 | EC39: =2/2 -> 1 | ED39: =2/2 -> 1 | EG39: =2/2 -> 1 | EH39: =2/2 -> 1 | EI39: =2/2 -> 1 | EJ39: =2/2 -> 1 | EK39: =2/2 -> 1 | EN39: =2/2 -> 1 | EO39: =2/2 -> 1 | EP39: =2/2 -> 1 | EQ39: =2/2 -> 1 | ER39: =2/2 -> 1 | EU39: =2/2 -> 1 | EV39: =2/2 -> 1 | EW39: =2/2 -> 1 | EX39: =2/2 -> 1 | EY39: =2/2 -> 1 | FB39: =2/2 -> 1 | FC39: =2/2 -> 1 | FD39: =2/2 -> 1 | FE39: =2/2 -> 1 | FF39: =2/2 -> 1 | FI39: =0/2 -> 0 | FJ39: =2/2 -> 1 | FK39: =2/2 -> 1 | FL39: =2/2 -> 1 | FM39: =2/2 -> 1 | FP39: =2/2 -> 1 | FQ39: =2/2 -> 1 | FR39: =3/2 -> 1.5 | FS39: =2/2 -> 1 | FT39: =2/2 -> 1 | FW39: =2/2 -> 1 | FX39: =2/2 -> 1 | FY39: =2/2 -> 1 | FZ39: =2/2 -> 1 | GA39: =2/2 -> 1 | GE39: =2/2 -> 1 | GF39: =1/2 -> 0.5 | GG39: =2/2 -> 1 | GH39: =2/2 -> 1 | GK39: =0/2 -> 0 | GL39: =1/2 -> 0.5 | GM39: =1/2 -> 0.5 | GN39: =2/2 -> 1 | GO39: =2/2 -> 1 | GR39: =2/2 -> 1 | GS39: =2/2 -> 1 | GT39: =2/2 -> 1 | GU39: =2/2 -> 1 | GV39: =2/2 -> 1 | GY39: =1/2 -> 0.5 | GZ39: =0/2 -> 0 | HA39: =1/2 -> 0.5 | HB39: =1/2 -> 0.5 | HC39: =1/2 -> 0.5 | HF39: =1/2 -> 0.5 | HG39: =1/2 -> 0.5 | HH39: =1/2 -> 0.5 | HI39: =1/2 -> 0.5 | HJ39: =1/2 -> 0.5 | HM39: =2/2 -> 1 | HN39: =2/2 -> 1 | HO39: =2/2 -> 1 | HP39: =2/2 -> 1 | HQ39: =2/2 -> 1 | HT39: =2/2 -> 1 | HU39: =2/2 -> 1 | HV39: =2/2 -> 1 | HW39: =2/2 -> 1 | HX39: =2/2 -> 1 | IA39: =2/2 -> 1 | IB39: =2/2 -> 1 | IC39: =2/2 -> 1 | ID39: =2/2 -> 1 | IE39: =2/2 -> 1 | IH39: =2/2 -> 1 | II39: =2/2 -> 1 | IJ39: =2/2 -> 1 | IK39: =2/2 -> 1 | IL39: =2/2 -> 1 | IO39: =2/2 -> 1 | IP39: =2/2 -> 1 | IQ39: =2/2 -> 1 | IR39: =2/2 -> 1 | IS39: =2/2 -> 1 | IV39: =2/2 -> 1 | IW39: =2/2 -> 1 | IX39: =2/2 -> 1 | IY39: =2/2 -> 1 | IZ39: =2/2 -> 1 | JC39: =2/2 -> 1 | JD39: =2/2 -> 1 | JE39: =4/2 -> 2 | JF39: =4/2 -> 2 | JG39: =4/2 -> 2 | JJ39: =2/2 -> 1 | JK39: =3/2 -> 1.5 | JL39: =3/2 -> 1.5 | JM39: =3/2 -> 1.5 | JN39: =3/2 -> 1.5 | JQ39: =3/2 -> 1.5 | JR39: =3/2 -> 1.5 | JS39: =3/2 -> 1.5 | JT39: =3/2 -> 1.5 | JU39: =3/2 -> 1.5 | JX39: =4/2 -> 2 | JY39: =4/2 -> 2 | JZ39: =4/2 -> 2 | KA39: =5/2 -> 2.5 | KB39: =5/2 -> 2.5 | KE39: =3/2 -> 1.5 | KF39: =4/2 -> 2 | KG39: =6/2 -> 3 | KH39: =5/2 -> 2.5 | KI39: =5/2 -> 2.5 | KL39: =4/2 -> 2 | KM39: =4/2 -> 2 | KN39: =4/2 -> 2 | KO39: =4/2 -> 2 | KP39: =4/2 -> 2 | KS39: =3/2 -> 1.5 | KT39: =3/2 -> 1.5 | KW39: =2/2 -> 1 | KZ39: =3/2 -> 1.5 | LA39: =2/2 -> 1
B40: OST BaB | D40: =2/2 -> 1 | E40: =2/2 -> 1 | F40: =2/2 -> 1 | G40: =2/2 -> 1 | H40: =2/2 -> 1 | K40: =2/2 -> 1 | L40: =2/2 -> 1 | M40: =2/2 -> 1 | N40: =2/2 -> 1 | O40: =2/2 -> 1 | R40: =2/2 -> 1 | S40: =2/2 -> 1 | T40: =2/2 -> 1 | U40: =2/2 -> 1 | V40: =2/2 -> 1 | Y40: =2/2 -> 1 | Z40: =2/2 -> 1 | AA40: =2/2 -> 1 | AB40: =2/2 -> 1 | AC40: =2/2 -> 1 | AF40: =1/2 -> 0.5 | AG40: =1/2 -> 0.5 | AH40: =2/2 -> 1 | AI40: =2/2 -> 1 | AN40: =2/2 -> 1 | AO40: =2/2 -> 1 | AP40: =2/2 -> 1 | AQ40: =2/2 -> 1 | AT40: =2/2 -> 1 | AU40: =2/2 -> 1 | AV40: =2/2 -> 1 | AW40: =2/2 -> 1 | AX40: =2/2 -> 1 | BA40: =2/2 -> 1 | BB40: =2/2 -> 1 | BC40: =2/2 -> 1 | BD40: =2/2 -> 1 | BE40: =2/2 -> 1 | BH40: =2/2 -> 1 | BI40: =2/2 -> 1 | BJ40: =2/2 -> 1 | BK40: =2/2 -> 1 | BL40: =2/2 -> 1 | BO40: =2/2 -> 1 | BP40: =2/2 -> 1 | BQ40: =2/2 -> 1 | BR40: =2/2 -> 1 | BS40: =2/2 -> 1 | BW40: =1/2 -> 0.5 | BX40: =1/2 -> 0.5 | BY40: =1/2 -> 0.5 | BZ40: =1/2 -> 0.5 | CC40: =1/2 -> 0.5 | CD40: =1/2 -> 0.5 | CE40: =1/2 -> 0.5 | CF40: =1/2 -> 0.5 | CG40: =1/2 -> 0.5 | CJ40: =1/2 -> 0.5 | CK40: =1/2 -> 0.5 | CL40: =2/2 -> 1 | CM40: =2/2 -> 1 | CN40: =2/2 -> 1 | CR40: =1/2 -> 0.5 | CS40: =2/2 -> 1 | CT40: =1/2 -> 0.5 | CU40: =1/2 -> 0.5 | CX40: =1/2 -> 0.5 | CY40: =1/2 -> 0.5 | CZ40: =1/2 -> 0.5 | DA40: =1/2 -> 0.5 | DB40: =1/2 -> 0.5 | DE40: =1/2 -> 0.5 | DF40: =2/2 -> 1 | DG40: =2/2 -> 1 | DH40: =1/2 -> 0.5 | DI40: =2/2 -> 1 | DL40: =1/2 -> 0.5 | DM40: =2/2 -> 1 | DN40: =2/2 -> 1 | DO40: =2/2 -> 1 | DP40: =1/2 -> 0.5 | DS40: =2/2 -> 1 | DT40: =2/2 -> 1 | DU40: =1/2 -> 0.5 | DV40: =2/2 -> 1 | DW40: =2/2 -> 1 | DZ40: =1/2 -> 0.5 | EA40: =2/2 -> 1 | EB40: =1/2 -> 0.5 | EC40: =2/2 -> 1 | ED40: =2/2 -> 1 | EG40: =2/2 -> 1 | EH40: =2/2 -> 1 | EI40: =2/2 -> 1 | EJ40: =1/2 -> 0.5 | EK40: =1/2 -> 0.5 | EN40: =1/2 -> 0.5 | EO40: =2/2 -> 1 | EP40: =2/2 -> 1 | EQ40: =2/2 -> 1 | ER40: =2/2 -> 1 | EU40: =2/2 -> 1 | EV40: =2/2 -> 1 | EW40: =2/2 -> 1 | EX40: =1/2 -> 0.5 | EY40: =1/2 -> 0.5 | FB40: =2/2 -> 1 | FC40: =2/2 -> 1 | FD40: =2/2 -> 1 | FE40: =2/2 -> 1 | FF40: =1/2 -> 0.5 | FI40: =2/2 -> 1 | FJ40: =1/2 -> 0.5 | FK40: =1/2 -> 0.5 | FL40: =1/2 -> 0.5 | FM40: =1/2 -> 0.5 | FP40: =1/2 -> 0.5 | FQ40: =2/2 -> 1 | FR40: =2/2 -> 1 | FS40: =2/2 -> 1 | FT40: =2/2 -> 1 | FW40: =2/2 -> 1 | FX40: =2/2 -> 1 | FY40: =2/2 -> 1 | FZ40: =2/2 -> 1 | GA40: =2/2 -> 1 | GE40: =2/2 -> 1 | GF40: =2/2 -> 1 | GG40: =2/2 -> 1 | GH40: =2/2 -> 1 | GK40: =2/2 -> 1 | GL40: =1/2 -> 0.5 | GM40: =1/2 -> 0.5 | GN40: =2/2 -> 1 | GO40: =2/2 -> 1 | GR40: =2/2 -> 1 | GS40: =2/2 -> 1 | GT40: =2/2 -> 1 | GU40: =2/2 -> 1 | GV40: =2/2 -> 1 | GY40: =2/2 -> 1 | GZ40: =2/2 -> 1 | HA40: =2/2 -> 1 | HB40: =2/2 -> 1 | HC40: =2/2 -> 1 | HF40: =2/2 -> 1 | HG40: =2/2 -> 1 | HH40: =2/2 -> 1 | HI40: =2/2 -> 1 | HJ40: =1/2 -> 0.5 | HM40: =1/2 -> 0.5 | HN40: =2/2 -> 1 | HO40: =2/2 -> 1 | HP40: =2/2 -> 1 | HQ40: =2/2 -> 1 | HT40: =1/2 -> 0.5 | HU40: =2/2 -> 1 | HV40: =2/2 -> 1 | HW40: =2/2 -> 1 | HX40: =2/2 -> 1 | IA40: =2/2 -> 1 | IB40: =2/2 -> 1 | IC40: =2/2 -> 1 | ID40: =2/2 -> 1 | IE40: =2/2 -> 1 | IH40: =2/2 -> 1 | II40: =2/2 -> 1 | IJ40: =2/2 -> 1 | IK40: =2/2 -> 1 | IL40: =2/2 -> 1 | IO40: =1/2 -> 0.5 | IP40: =1/2 -> 0.5 | IQ40: =1/2 -> 0.5 | IR40: =1/2 -> 0.5 | IS40: =1/2 -> 0.5 | IV40: =1/2 -> 0.5 | IW40: =1/2 -> 0.5 | IX40: =1/2 -> 0.5 | IY40: =1/2 -> 0.5 | IZ40: =1/2 -> 0.5 | JC40: =2/2 -> 1 | JD40: =2/2 -> 1 | JE40: =2/2 -> 1 | JF40: =2/2 -> 1 | JG40: =2/2 -> 1 | JJ40: =2/2 -> 1 | JK40: =2/2 -> 1 | JL40: =2/2 -> 1 | JM40: =2/2 -> 1 | JN40: =1/2 -> 0.5 | JQ40: =2/2 -> 1 | JR40: =2/2 -> 1 | JS40: =2/2 -> 1 | JT40: =2/2 -> 1 | JU40: =2/2 -> 1 | JX40: =2/2 -> 1 | JY40: =2/2 -> 1 | JZ40: =2/2 -> 1 | KA40: =2/2 -> 1 | KB40: =1/2 -> 0.5 | KE40: =1/2 -> 0.5 | KF40: =2/2 -> 1 | KG40: =1/2 -> 0.5 | KH40: =2/2 -> 1 | KI40: =1/2 -> 0.5 | KL40: =1/2 -> 0.5 | KM40: =2/2 -> 1 | KN40: =2/2 -> 1 | KO40: =2/2 -> 1 | KP40: =2/2 -> 1 | KS40: =1/2 -> 0.5 | KT40: =1/2 -> 0.5 | KW40: =1/2 -> 0.5 | KZ40: =2/2 -> 1 | LA40: =2/2 -> 1
B41: Projects Utilisation | D41: =2/4 -> 0.5 | E41: =2/4 -> 0.5 | F41: =2/4 -> 0.5 | G41: =2/4 -> 0.5 | H41: =2/4 -> 0.5 | K41: =2/4 -> 0.5 | L41: =2/4 -> 0.5 | M41: =2/4 -> 0.5 | N41: =2/4 -> 0.5 | O41: =2/4 -> 0.5 | R41: =3/2 -> 1.5 | S41: =2/4 -> 0.5 | T41: =2/4 -> 0.5 | U41: =2/4 -> 0.5 | V41: =2/4 -> 0.5 | Y41: =3/2 -> 1.5 | Z41: =3/2 -> 1.5 | AA41: =3/2 -> 1.5 | AB41: =4/2 -> 2 | AC41: =5/2 -> 2.5 | AF41: =4/2 -> 2 | AG41: =3/2 -> 1.5 | AH41: =3/2 -> 1.5 | AI41: =3/2 -> 1.5 | AN41: =2/4 -> 0.5 | AO41: =3/4 -> 0.75 | AP41: =2/4 -> 0.5 | AQ41: =2/4 -> 0.5 | AT41: =6/4 -> 1.5 | AU41: =6/4 -> 1.5 | AV41: =4/4 -> 1 | AW41: =3/4 -> 0.75 | AX41: =3/4 -> 0.75 | BA41: =3/4 -> 0.75 | BB41: =3/4 -> 0.75 | BC41: =3/4 -> 0.75 | BD41: =3/4 -> 0.75 | BE41: =3/4 -> 0.75 | BH41: =4/4 -> 1 | BI41: =4/4 -> 1 | BJ41: =4/4 -> 1 | BK41: =2/4 -> 0.5 | BL41: =2/4 -> 0.5 | BO41: =3/4 -> 0.75 | BP41: =3/4 -> 0.75 | BQ41: =3/4 -> 0.75 | BR41: =3/4 -> 0.75 | BS41: =3/4 -> 0.75 | BW41: =3/4 -> 0.75 | BX41: =3/4 -> 0.75 | BY41: =3/4 -> 0.75 | BZ41: =3/4 -> 0.75 | CC41: =3/4 -> 0.75 | CD41: =3/4 -> 0.75 | CE41: =3/4 -> 0.75 | CF41: =3/4 -> 0.75 | CG41: =3/4 -> 0.75 | CJ41: =3/4 -> 0.75 | CK41: =3/4 -> 0.75 | CL41: =3/4 -> 0.75 | CM41: =3/4 -> 0.75 | CN41: =3/4 -> 0.75 | CR41: =3/4 -> 0.75 | CS41: =4/3 -> 1.3333333 | CT41: =3/3 -> 1 | CU41: =3/3 -> 1 | CX41: =3/4 -> 0.75 | CY41: =3/4 -> 0.75 | CZ41: =3/4 -> 0.75 | DA41: =3/4 -> 0.75 | DB41: =3/4 -> 0.75 | DE41: =3/4 -> 0.75 | DF41: =3/4 -> 0.75 | DG41: =5/4 -> 1.25 | DH41: =5/4 -> 1.25 | DI41: =3/4 -> 0.75 | DL41: =3/4 -> 0.75 | DM41: =3/4 -> 0.75 | DN41: =3/4 -> 0.75 | DO41: =4/4 -> 1 | DP41: =3/4 -> 0.75 | DS41: =3/4 -> 0.75 | DT41: =3/4 -> 0.75 | DU41: =3/4 -> 0.75 | DV41: =4/4 -> 1 | DW41: =2/4 -> 0.5 | DZ41: =2/4 -> 0.5 | EA41: =2/4 -> 0.5 | EB41: =2/4 -> 0.5 | EC41: =2/4 -> 0.5 | ED41: =2/4 -> 0.5 | EG41: =3/4 -> 0.75 | EH41: =3/4 -> 0.75 | EI41: =3/4 -> 0.75 | EJ41: =3/4 -> 0.75 | EK41: =2/4 -> 0.5 | EN41: =3/4 -> 0.75 | EO41: =4/4 -> 1 | EP41: =4/4 -> 1 | EQ41: =3/4 -> 0.75 | ER41: =3/4 -> 0.75 | EU41: =2/4 -> 0.5 | EV41: =3/4 -> 0.75 | EW41: =3/4 -> 0.75 | EX41: =2/4 -> 0.5 | EY41: =2/4 -> 0.5 | FB41: =2/4 -> 0.5 | FC41: =3/4 -> 0.75 | FD41: =3/4 -> 0.75 | FE41: =3/4 -> 0.75 | FF41: =3/4 -> 0.75 | FI41: =3/4 -> 0.75 | FJ41: =2/4 -> 0.5 | FK41: =2/4 -> 0.5 | FL41: =2/4 -> 0.5 | FM41: =2/4 -> 0.5 | FP41: =2/4 -> 0.5 | FQ41: =2/4 -> 0.5 | FR41: =2/4 -> 0.5 | FS41: =2/4 -> 0.5 | FT41: =2/4 -> 0.5 | FW41: =2/4 -> 0.5 | FX41: =2/4 -> 0.5 | FY41: =2/4 -> 0.5 | FZ41: =2/4 -> 0.5 | GA41: =2/4 -> 0.5 | GE41: =2/4 -> 0.5 | GF41: =2/4 -> 0.5 | GG41: =2/4 -> 0.5 | GH41: =2/4 -> 0.5 | GK41: =4/3 -> 1.3333333 | GL41: =3/3 -> 1 | GM41: =3/3 -> 1 | GN41: =2/3 -> 0.66666667 | GO41: =2/3 -> 0.66666667 | GR41: =2/3 -> 0.66666667 | GS41: =2/3 -> 0.66666667 | GT41: =2/3 -> 0.66666667 | GU41: =2/3 -> 0.66666667 | GV41: =2/3 -> 0.66666667 | GY41: =2/3 -> 0.66666667 | GZ41: =2/3 -> 0.66666667 | HA41: =2/3 -> 0.66666667 | HB41: =2/3 -> 0.66666667 | HC41: =2/3 -> 0.66666667 | HF41: =2/3 -> 0.66666667 | HG41: =2/3 -> 0.66666667 | HH41: =2/3 -> 0.66666667 | HI41: =2/3 -> 0.66666667 | HJ41: =2/3 -> 0.66666667 | HM41: =2/3 -> 0.66666667 | HN41: =2/3 -> 0.66666667 | HO41: =2/3 -> 0.66666667 | HP41: =2/3 -> 0.66666667 | HQ41: =2/3 -> 0.66666667 | HT41: =2/3 -> 0.66666667 | HU41: =2/3 -> 0.66666667 | HV41: =2/3 -> 0.66666667 | HW41: =2/3 -> 0.66666667 | HX41: =2/3 -> 0.66666667 | IA41: =2/3 -> 0.66666667 | IB41: =2/3 -> 0.66666667 | IC41: =2/3 -> 0.66666667 | ID41: =2/3 -> 0.66666667 | IE41: =2/3 -> 0.66666667 | IH41: =2/3 -> 0.66666667 | II41: =2/3 -> 0.66666667 | IJ41: =2/3 -> 0.66666667 | IK41: =2/3 -> 0.66666667 | IL41: =2/3 -> 0.66666667 | IO41: =2/3 -> 0.66666667 | IP41: =2/3 -> 0.66666667 | IQ41: =2/3 -> 0.66666667 | IR41: =2/3 -> 0.66666667 | IS41: =2/3 -> 0.66666667 | IV41: =2/3 -> 0.66666667 | IW41: =2/3 -> 0.66666667 | IX41: =2/3 -> 0.66666667 | IY41: =2/3 -> 0.66666667 | IZ41: =2/3 -> 0.66666667 | JC41: =1/3 -> 0.33333333 | JD41: =2/3 -> 0.66666667 | JE41: =2/3 -> 0.66666667 | JF41: =2/3 -> 0.66666667 | JG41: =2/3 -> 0.66666667 | JJ41: =3/3 -> 1 | JK41: =2/3 -> 0.66666667 | JL41: =3/3 -> 1 | JM41: =3/3 -> 1 | JN41: =3/3 -> 1 | JQ41: =3/3 -> 1 | JR41: =3/3 -> 1 | JS41: =3/3 -> 1 | JT41: =2/3 -> 0.66666667 | JU41: =2/3 -> 0.66666667 | JX41: =2/3 -> 0.66666667 | JY41: =2/3 -> 0.66666667 | JZ41: =2/3 -> 0.66666667 | KA41: =2/3 -> 0.66666667 | KB41: =2/3 -> 0.66666667 | KE41: =2/3 -> 0.66666667 | KF41: =2/3 -> 0.66666667 | KG41: =2/3 -> 0.66666667 | KH41: =2/3 -> 0.66666667 | KI41: =3/3 -> 1 | KL41: =3/3 -> 1 | KM41: =3/3 -> 1 | KN41: =3/3 -> 1 | KO41: =3/3 -> 1 | KP41: =3/3 -> 1 | KS41: =1/3 -> 0.33333333 | KT41: =1/3 -> 0.33333333 | KW41: =1/3 -> 0.33333333 | KZ41: =2/3 -> 0.66666667 | LA41: =2/3 -> 0.66666667
BV42: BH
BV43: BH
A44: LEGEND | BV44: BH
A45: YELLOW | B45: Normal Duties | BV45: BH
A46: GREEN | B46: Training | E46: Jan | F46: Feb | G46: Mar | H46: Apr | I46: May | J46: June | K46: July | L46: August | M46: September | N46: October | O46: November | P46: December | Q46: % Used
A47: BLUE | B47: Borrowed Resource | D47: Service Desk Availbilty | E47: 0.45 | F47: 0.45 | G47: =AVERAGE(D38:U38,V38,Y38:AC38,AF38:AI38) -> 0.59027778 | H47: =AVERAGE(AN38:BP38) -> 0.81746032 | I47: =AVERAGE(BQ38:CU38) -> 0.76984127 | J47: =AVERAGE(CX38:DW38) -> 0.78333333 | K47: =AVERAGE(DZ38:EY38) -> 0.725 | L47: =AVERAGE(FE38:GI38) -> 0.6462585 | M47: =AVERAGE(GJ38:HM38) -> 0.74829932 | N47: =AVERAGE(HN38:IR38) -> 0.80745342 | O47: =AVERAGE(IS38:JV38) -> 0.73214286 | P47: =AVERAGE(JW38:LA38) -> 0.53125 | Q47: =AVERAGE(E47:P48) -> 0.67094307
A48: DARK GREEN | B48: Annual Leave / Absent
D49: OST | E49: 1.25 | F49: 1.25 | G49: =AVERAGE(H39:AI39) -> 1.125 | H49: =AVERAGE(AN39:BP39) -> 0.92857143 | I49: =AVERAGE(BQ38:CU39) -> 0.8015873 | J49: =AVERAGE(CX39:DW39) -> 0.8 | K49: =AVERAGE(DZ39:EY39) -> 1 | L49: =AVERAGE(FE39:GI39) -> 0.95238095 | M49: =AVERAGE(GJ39:HM39) -> 0.64285714 | N49: =AVERAGE(HN39:IR39) -> 1 | O49: =AVERAGE(IS39:JV39) -> 1.3571429 | P49: =AVERAGE(JW39:LA39) -> 1.95 | Q49: =AVERAGE(E49:P49) -> 1.0881283
A50: outstanding Vac | D50: OST BaB | E50: 0.75 | F50: 0.75 | G50: =AVERAGE(H40:AL40) -> 0.95 | H50: =AVERAGE(AM40:BP40) -> 1 | I50: =AVERAGE(BQ40:CU40) -> 0.66666667 | J50: =AVERAGE(CX40:DW40) -> 0.75 | K50: =AVERAGE(DZ40:EY40) -> 0.825 | L50: =AVERAGE(FE40:GI40) -> 0.85714286 | M50: =AVERAGE(GJ40:HM40) -> 0.9047619 | N50: =AVERAGE(HN40:IR40) -> 0.89130435 | O50: =AVERAGE(IS40:JV40) -> 0.83333333 | P50: =AVERAGE(JW40:LA40) -> 0.8 | Q50: =AVERAGE(E50:P51) -> 0.84480964
D51: Projects | E51: 1.35 | F51: 1.35 | G51: =AVERAGE(H41:AK41) -> 1.1 | H51: =AVERAGE(AM41:BP41) -> 0.80952381 | I51: =AVERAGE(BQ41:CU41) -> 0.8015873 | J51: =AVERAGE(CX41:DW41) -> 0.8125 | K51: =AVERAGE(DZ41:EY41) -> 0.6625 | L51: =AVERAGE(FE41:GI41) -> 0.53571429 | M51: =AVERAGE(GJ41:HM41) -> 0.73015873 | N51: =AVERAGE(HN41:IR41) -> 0.66666667 | O51: =AVERAGE(IS41:JV41) -> 0.76190476 | P51: =AVERAGE(JW41:LA41) -> 0.71666667 | Q51: =AVERAGE(E51:P53) -> 0.83409538
D52: MGMT | E52: 0.5 | F52: 0.5 | G52: =AVERAGE(H37:AL37) -> 0.9 | H52: =AVERAGE(AM37:BP37) -> 0.89285714 | I52: =AVERAGE(BQ37:CU37) -> 0.89285714 | J52: =AVERAGE(CX37:DY37) -> 0.9625 | K52: =AVERAGE(DY37:EY37) -> 0.9625 | L52: =AVERAGE(FE37:GI37) -> 0.80952381 | M52: =AVERAGE(GJ37:HM37) -> 0.79761905 | N52: =AVERAGE(HN37:IR37) -> 0.69565217 | O52: =AVERAGE(IS37:JV37) -> 0.88095238 | P52: =AVERAGE(JW37:LA37) -> 0.75 | Q52: =AVERAGE(E52:P52) -> 0.79537181
D53: Team Uitlization | E53: =AVERAGE(E47:E52) -> 0.86 | F53: =AVERAGE(F47:F52) -> 0.86 | G53: =AVERAGE(G47:G52) -> 0.93305556 | H53: =AVERAGE(H47:H52) -> 0.88968254 | I53: =AVERAGE(I47:I52) -> 0.78650794 | J53: =AVERAGE(J47:J52) -> 0.82166667 | K53: =AVERAGE(K47:K52) -> 0.835 | L53: =AVERAGE(L47:L52) -> 0.76020408 | ... Q53: =AVERAGE(Q47:Q52) -> 0.84666964 | R53: Overall Team Usage

Sheet 2026
A1: Staff Member | B1: Area Of Work | C1: Tier | D1: 45658 | E1: 46024 | F1: 46025 | G1: 46026 | H1: 46027 | I1: 46028 | J1: 46029 | K1: 46030 | L1: 46031 | M1: 46032 | N1: 46033 | O1: 46034 | P1: 46035 | Q1: 46036 | R1: 46037 | S1: 46038 | T1: 46039 | U1: 46040 | V1: 46041 | W1: 46042 | X1: 46043 | Y1: 46044 | Z1: 46045 | AA1: 46046 | AB1: 46047 | AC1: 46048 | AD1: 46049 | AE1: 46050 | AF1: 46051 | AG1: 46052 | AH1: 46053 | AI1: 46054 | AJ1: 46055 | AK1: 46056 | AL1: 46057 | AM1: 46058 | AN1: 46059 | AO1: 46060 | AP1: 46061 | AQ1: 46062 | AR1: 46063 | AS1: 46064 | AT1: 46065 | AU1: 46066 | AV1: 46067 | AW1: 46068 | AX1: 46069 | AY1: 46070 | AZ1: 46071 | BA1: 46072 | BB1: 46073 | BC1: 46074 | BD1: 46075 | BE1: 46076 | BF1: 46077 | BG1: 46078 | BH1: 46079 | BI1: 46080 | BJ1: 46081 | BK1: 46082 | BL1: 46083 | BM1: 46084 | BN1: 46085 | BO1: 46086 | BP1: 46087 | BQ1: 46088 | BR1: 46089 | BS1: 46090 | BT1: 46091 | BU1: 46092 | BV1: 46093 | BW1: 46094 | BX1: 46095 | BY1: 46096 | BZ1: 46097 | CA1: 46098 | CB1: 46099 | CC1: 46100 | CD1: 46101 | CE1: 46102 | CF1: 46103 | CG1: 46104 | CH1: 46105 | CI1: 46106 | CJ1: 46107 | CK1: 46108 | CL1: 46109 | CM1: 46110 | CN1: 46111 | CO1: 46112 | CP1: 46113 | CQ1: 46114 | CR1: 46115 | CS1: 46116 | CT1: 46117 | CU1: 46118 | CV1: 46119 | CW1: 46120 | CX1: 46121 | CY1: 46122 | CZ1: 46123 | DA1: 46124 | DB1: 46125 | DC1: 46126 | DD1: 46127 | DE1: 46128 | DF1: 46129 | DG1: 46130 | DH1: 46131 | DI1: 46132 | DJ1: 46133 | DK1: 46134 | DL1: 46135 | DM1: 46136 | DN1: 46137 | DO1: 46138 | DP1: 46139 | DQ1: 46140 | DR1: 46141 | DS1: 46142 | DT1: 46143 | DU1: 46144 | DV1: 46145 | DW1: 46146 | DX1: 46147 | DY1: 46148 | DZ1: 46149 | EA1: 46150 | EB1: 46151 | EC1: 46152 | ED1: 46153 | EE1: 46154 | EF1: 46155 | EG1: 46156 | EH1: 46157 | EI1: 46158 | EJ1: 46159 | EK1: 46160 | EL1: 46161 | EM1: 46162 | EN1: 46163 | EO1: 46164 | EP1: 46165 | EQ1: 46166 | ER1: 46167 | ES1: 46168 | ET1: 46169 | EU1: 46170 | EV1: 46171 | EW1: 46172 | EX1: 46173 | EY1: 46174 | EZ1: 46175 | FA1: 46176 | FB1: 46177 | FC1: 46178 | FD1: 46179 | FE1: 46180 | FF1: 46181 | FG1: 46182 | FH1: 46183 | FI1: 46184 | FJ1: 46185 | FK1: 46186 | FL1: 46187 | FM1: 46188 | FN1: 46189 | FO1: 46190 | FP1: 46191 | FQ1: 46192 | FR1: 46193 | FS1: 46194 | FT1: 46195 | FU1: 46196 | FV1: 46197 | FW1: 46198 | FX1: 46199 | FY1: 46200 | FZ1: 46201 | GA1: 46202 | GB1: 46203 | GC1: 46204 | GD1: 46205 | GE1: 46206 | GF1: 46207 | GG1: 46208 | GH1: 46209 | GI1: 46210 | GJ1: 46211 | GK1: 46212 | GL1: 46213 | GM1: 46214 | GN1: 46215 | GO1: 46216 | GP1: 46217 | GQ1: 46218 | GR1: 46219 | GS1: 46220 | GT1: 46221 | GU1: 46222 | GV1: 46223 | GW1: 46224 | GX1: 46225 | GY1: 46226 | GZ1: 46227 | HA1: 46228 | HB1: 46229 | HC1: 46230 | HD1: 46231 | HE1: 46232 | HF1: 46233 | HG1: 46234 | HH1: 46235 | HI1: 46236 | HJ1: 46237 | HK1: 46238 | HL1: 46239 | HM1: 46240 | HN1: 46241 | HO1: 46242 | HP1: 46243 | HQ1: 46244 | HR1: 46245 | HS1: 46246 | HT1: 46247 | HU1: 46248 | HV1: 46249 | HW1: 46250 | HX1: 46251 | HY1: 46252 | HZ1: 46253 | IA1: 46254 | IB1: 46255 | IC1: 46256 | ID1: 46257 | IE1: 46258 | IF1: 46259 | IG1: 46260 | IH1: 46261 | II1: 46262 | IJ1: 46263 | IK1: 46264 | IL1: 46265 | IM1: 46266 | IN1: 46267 | IO1: 46268 | IP1: 46269 | IQ1: 46270 | IR1: 46271 | IS1: 46272 | IT1: 46273 | IU1: 46274 | IV1: 46275 | IW1: 46276 | IX1: 46277 | IY1: 46278 | IZ1: 46279 | JA1: 46280 | JB1: 46281 | JC1: 46282 | JD1: 46283 | JE1: 46284 | JF1: 46285 | JG1: 46286 | JH1: 46287 | JI1: 46288 | JJ1: 46289 | JK1: 46290 | JL1: 46291 | JM1: 46292 | JN1: 46293 | JO1: 46294 | JP1: 46295 | JQ1: 46296 | JR1: 46297 | JS1: 46298 | JT1: 46299 | JU1: 46300 | JV1: 46301 | JW1: 46302 | JX1: 46303 | JY1: 46304 | JZ1: 46305 | KA1: 46306 | KB1: 46307 | KC1: 46308 | KD1: 46309 | KE1: 46310 | KF1: 46311 | KG1: 46312 | KH1: 46313 | KI1: 46314 | KJ1: 46315 | KK1: 46316 | KL1: 46317 | KM1: 46318 | KN1: 46319 | KO1: 46320 | KP1: 46321 | KQ1: 46322 | KR1: 46323 | KS1: 46324 | KT1: 46325 | KU1: 46326 | KV1: 46327 | KW1: 46328 | KX1: 46329 | KY1: 46330 | KZ1: 46331 | LA1: 46332 | LB1: 46333 | LC1: 46334 | LD1: 46335 | LE1: 46336 | LF1: 46337 | LG1: 46338 | LH1: 46339 | LI1: 46340 | LJ1: 46341 | LK1: 46342 | LL1: 46343 | LM1: 46344 | LN1: 46345 | LO1: 46346 | LP1: 46347 | LQ1: 46348 | LR1: 46349 | LS1: 46350 | LT1: 46351 | LU1: 46352 | LV1: 46353 | LW1: 46354 | LX1: 46355 | LY1: 46356 | LZ1: 46357 | MA1: 46358 | MB1: 46359 | MC1: 46360 | MD1: 46361 | ME1: 46362 | MF1: 46363 | MG1: 46364 | MH1: 46365 | MI1: 46366 | MJ1: 46367 | MK1: 46368 | ML1: 46369 | MM1: 46370 | MN1: 46371 | MO1: 46372 | MP1: 46373 | MQ1: 46374 | MR1: 46375 | MS1: 46376 | MT1: 46377 | MU1: 46378 | MV1: 46379 | MW1: 46380 | MX1: 46381 | MY1: 46382 | MZ1: 46383 | NA1: 46384 | NB1: 46385 | NC1: 46386 | ND1: 46387 | NE1: 46388
A2: Service Desk | D2: B | CR2: B | CU2: B | DW2: B | ER2: B | IL2: B | MX2: B | NA2: B | NE2: B
A3: Sarah Watkins | B3: Service Desk | C3: Support Engineer | D3: A | E3: Annual Leave | H3: Normal Work | I3: Normal Work | J3: Normal Work | K3: Normal Work | L3: Normal Work | O3: Normal Work | P3: Normal Work | Q3: Normal Work | R3: Normal Work | S3: Normal Work | V3: Normal Work | W3: Normal Work | X3: Normal Work | Y3: Normal Work | Z3: Normal Work | AC3: Normal Work | AD3: Normal Work | AE3: Normal Work | AF3: Normal Work | AG3: Annual Leave PM | AJ3: Normal Work | AK3: Normal Work | AL3: Normal Work | AM3: Normal Work | AN3: Normal Work | AQ3: Normal Work | AR3: Normal Work | AS3: WFH | AT3: Normal Work | AU3: Normal Work | AX3: Annual Leave | AY3: Annual Leave | AZ3: Annual Leave | BA3: Annual Leave | BB3: Annual Leave | BE3: Normal Work | BF3: Normal Work | BG3: Normal Work | BH3: Normal Work | BI3: Normal Work | BL3: Normal Work | BM3: Normal Work | BN3: Normal Work | BO3: Normal Work | BP3: WFH | BS3: Normal Work | BT3: Normal Work | BU3: Normal Work | BV3: Normal Work | BW3: Normal Work | BZ3: Normal Work | CA3: Normal Work | CB3: Normal Work | CC3: Normal Work | CD3: Normal Work | CG3: Normal Work | CH3: Normal Work | CI3: Normal Work | CJ3: Normal Work | CK3: Normal Work | CN3: Annual Leave | CO3: A/L PM | CP3: A/L PM | CR3: A | CU3: A | CW3: A/L PM | CY3: A/L PM | DM3: Glos office | DW3: A | ER3: A | IL3: A | MX3: A | NA3: A | NE3: A
A4: Jacob Martin | B4: Service Desk | C4: Support Engineer | D4: N | E4: Annual Leave | H4: Normal Work | I4: Training PM | J4: Training PM | K4: Training PM | L4: Training PM | O4: Training | P4: Training | Q4: Training | R4: Exam | S4: Annual Leave | V4: Annual Leave | W4: Radnor VPN | X4: Radnor | Y4: Radnor | Z4: Radnor Admin | AC4: Normal Work | AD4: Normal Work | AE4: Normal Work | AF4: Normal Work | AG4: Normal Work | AJ4: Normal Work | AK4: Croft | AL4: Normal Work | AM4: Annual Leave | AN4: Normal Work | BS4: Normal Work | BT4: Normal Work | BU4: Normal Work | BV4: Normal Work | BW4: Normal Work | CR4: N | CU4: N | DW4: N | ER4: N | IL4: N | MX4: N | NA4: N | NE4: N
A5: Dan Carter | B5: Service Desk | C5: Support Engineer | D5: K | E5: Normal Work | H5: Annual Leave | I5: Annual Leave | J5: Annual Leave | K5: Annual Leave | L5: Annual Leave | O5: Normal Work | P5: Normal Work | Q5: Normal Work | R5: Normal Work | S5: Normal Work | V5: WFH | W5: Normal Work | X5: Normal Work | Y5: Normal Work | Z5: Normal Work | AC5: Normal Work | AD5: Normal Work | AE5: Normal Work | AF5: Normal Work | AG5: Normal Work | AJ5: Normal Work | AK5: Normal Work | AL5: Normal Work | AM5: Normal Work | AN5: WFH | AQ5: Normal Work | AR5: WFH | AS5: Normal Work | AT5: Normal Work | AU5: Normal Work | AX5: Normal Work | AY5: Normal Work | AZ5: Normal Work | BA5: Normal Work | BB5: Normal Work | BE5: Normal Work | BF5: Normal Work | BG5: Normal Work | BH5: Normal Work | BI5: Normal Work | BL5: Normal Work | BM5: Normal Work | BN5: Normal Work | BO5: Normal Work | BP5: Normal Work | BS5: Normal Work | BT5: Sick Leave | BU5: Normal Work | BV5: Normal Work | BW5: Normal Work | BZ5: Normal Work | CA5: Annual Leave | CB5: Annual Leave | CC5: Annual Leave | CD5: Annual Leave | CG5: Annual Leave | CH5: WFH | CI5: WFH | CJ5: Normal Work | CK5: Normal Work | CR5: K | CU5: K | DM5: Glos office | DW5: K | ER5: K | IL5: K | MX5: K | NA5: K | NE5: K
A6: James Norman | B6: Service Desk | C6: Support Engineer | E6: Annual Leave | H6: Normal Work | I6: Normal Work | J6: Normal Work | K6: Normal Work | L6: Normal Work | O6: Normal Work | P6: Normal Work | Q6: Normal Work | R6: Normal Work | S6: Normal Work | V6: Normal Work | W6: Normal Work | X6: Cab Tidy PM | Y6: Normal Work | Z6: Ninja Backup | AC6: Normal Work | AD6: Normal Work | AE6: Normal Work | AF6: Normal Work | AG6: WFH | AJ6: Normal Work | AK6: Normal Work | AL6: WFH | AM6: Normal Work | AN6: Normal Work | AQ6: Normal Work | AR6: Normal Work | AS6: WFH | AT6: Normal Work | AU6: Normal Work | AX6: Normal Work | AY6: Normal Work | AZ6: WFH | BA6: Normal Work | BB6: Normal Work | BE6: Normal Work | BF6: Normal Work | BG6: Normal Work | BH6: Normal Work | BI6: Normal Work | BL6: Annual Leave | BM6: Annual Leave | BN6: Annual Leave | BO6: Annual Leave | BP6: Annual Leave | BS6: Normal Work | BT6: Normal Work | BU6: Normal Work | BV6: Normal Work | BW6: Annual Leave | BZ6: Normal Work | CA6: Normal Work | CB6: Normal Work | CC6: Normal Work | CD6: Normal Work | CG6: Normal Work | CH6: Normal Work | CI6: Normal Work | CJ6: Normal Work | CK6: Annual Leave | CN6: Annual Leave | DM6: Glos office
A7: Tom Harber | B7: Service Desk | C7: Support Engineer | D7: H | E7: Normal Work | H7: Normal Work | I7: Normal Work | J7: Normal Work | K7: Normal Work | L7: Normal Work | O7: COECT | P7: Normal Work | Q7: Normal Work | R7: Normal Work | S7: Normal Work | V7: Normal Work | W7: Normal Work | X7: Normal Work | Y7: GBEC Azure | Z7: Normal Work | AC7: Normal Work | AD7: UPA PM | AE7: Normal Work | AF7: Normal Work | AG7: Normal Work | AJ7: Normal Work | AK7: Normal Work | AL7: Normal Work | AM7: WFH | AN7: Normal Work | AQ7: Normal Work | AR7: Normal Work | AS7: Normal Work | AT7: Annual Leave | AU7: Annual Leave | AX7: Annual Leave | AY7: BaB | AZ7: BaB | BA7: BaB | BB7: BaB | BE7: BaB/SD | BF7: BaB/SD | BG7: BaB/WFH | BH7: BaB/SD | BI7: BaB/Sd | BL7: Normal Work | BM7: WFH AM | BN7: Normal Work | BO7: Normal Work | BP7: Normal Work | BS7: Sick Leave | BT7: Sick Leave | BU7: Sick Leave | BV7: Normal Work | BW7: Normal Work | BZ7: Normal Work | CA7: Normal Work | CB7: Normal Work | CC7: Normal Work | CD7: Normal Work | CG7: Normal Work | CH7: Normal Work | CI7: Normal Work | CJ7: Normal Work | CK7: SD/BaB | CO7: Croft AM | CQ7: BAB/SD | CR7: H | CU7: H | CV7: BAB/SD | DF7: Annual Leave | DI7: Annual Leave | DJ7: Annual Leave | DM7: Glos office | DW7: H | EO7: Annual Leave | ER7: H | ES7: Annual Leave | IL7: H | MX7: H | NA7: H | NE7: H
A8: Luke Rothwell | B8: Service Desk | C8: Senior Support | D8: O | E8: Normal Work | H8: Normal Work | I8: Normal Work | J8: Normal Work | K8: Normal Work | L8: Normal Work | O8: Normal Work | P8: Normal Work | Q8: Normal Work | R8: Normal Work | S8: Normal Work | V8: Normal Work | W8: Normal Work | X8: Normal Work | Y8: GBEC Azure | Z8: Allied Swindon | AC8: Normal Work | AD8: Normal Work | AE8: Normal Work | AF8: Normal Work | AG8: Normal Work | AJ8: Normal Work | AK8: Normal Work | AL8: Normal Work | AM8: Normal Work | AN8: Normal Work | AQ8: Normal Work | AR8: Normal Work | AS8: Normal Work | AT8: Normal Work | AU8: Normal Work | AX8: Normal Work | AY8: Normal Work | AZ8: Normal Work | BA8: Normal Work | BB8: Normal Work | BE8: Normal Work | BF8: Normal Work | BG8: Study Leave | BH8: Study Leave | BI8: Study Leave | BL8: Annual Leave | BM8: Annual Leave | BN8: Normal Work | BO8: Normal Work | BP8: Normal Work | BS8: Normal Work | BT8: Normal Work | BU8: Normal Work | BV8: HPE London | BW8: Normal Work | BZ8: Normal Work | CA8: Normal Work | CB8: Normal Work | CC8: Normal Work | CD8: Normal Work | CG8: Normal Work | CH8: Normal Work | CI8: Normal Work | CJ8: Normal Work | CK8: Normal Work | CR8: O | CU8: O | DM8: Glos office | DW8: O | ER8: O | GA8: Annual Leave | IL8: O | KY8: Annual Leave | KZ8: Annual Leave | LA8: Annual Leave | LD8: Annual Leave | LE8: Annual Leave | LF8: Annual Leave | LG8: Annual Leave | LH8: Annual Leave | LK8: Annual Leave | LL8: Annual Leave | LM8: Annual Leave | LN8: Annual Leave | LO8: Annual Leave | LR8: Annual Leave | LS8: Annual Leave | LT8: Annual Leave | LU8: Annual Leave | LV8: Annual Leave | MX8: O | NA8: O | NE8: O
A9: James Mapes | B9: Service Desk | C9: Senior Support | D9: L | E9: Normal Work | H9: Normal Work | I9: Normal Work | J9: Normal Work | K9: Training | L9: Evision | O9: Normal Work | P9: Normal Work | Q9: Training | R9: Training | S9: Normal Work | V9: WFH | W9: Normal Work | X9: Normal Work | Y9: Normal Work | Z9: Normal Work | AC9: Normal Work | AD9: Normal Work | AE9: Normal Work | AF9: Normal Work | AG9: Annual Leave | AJ9: Normal Work | AK9: Normal Work | AL9: Normal Work | AM9: Normal Work | AN9: Normal Work | AQ9: Normal Work | AR9: Normal Work | AS9: Normal Work | AT9: Normal Work | AU9: Normal Work | AX9: Annual Leave | AY9: Annual Leave | AZ9: Annual Leave | BA9: Annual Leave | BB9: Annual Leave | BE9: Normal Work | BF9: Normal Work | BG9: Normal Work | BH9: Normal Work | BI9: WFH | BL9: Normal Work | BM9: Normal Work | BN9: WFH | BO9: Normal Work | BP9: Normal Work | BS9: Normal Work | BT9: Normal Work | BU9: WFH | BV9: Normal Work | BW9: Annual Leave | BZ9: Annual Leave | CA9: Annual Leave | CB9: Annual Leave | CC9: Annual Leave | CD9: Annual Leave | CG9: Normal Work | CH9: Normal Work | CI9: Normal Work | CJ9: Annual Leave | CK9: Annual Leave | CR9: L | CU9: L | DM9: Glos office | DW9: L | ER9: L | IL9: L | MX9: L | NA9: L | NE9: L
A10: Ben Lockhart | B10: Service Desk | C10: Senior Support | D10: I | E10: Normal Work | H10: Normal Work | I10: Office | J10: Office | K10: Training | L10: Training | O10: Normal Work | P10: Normal Work | Q10: Normal Work | R10: Training | S10: Exam | V10: Normal Work | W10: Normal Work | X10: VSOC Holliday | Y10: VSOC Holliday | Z10: Half day PM | AC10: Normal Work | AD10: Office | AE10: Office | AF10: DWP LLD | AG10: DWP LLD | AJ10: VSOC MPLS | AK10: Normal Work | AL10: GBEC CE | AM10: Chesterfield | AN10: GBEC CE | AQ10: GBEC CE | AR10: Glos Office | AS10: VSOC Edge | AT10: Normal Work | AU10: Normal Work | AX10: Normal Work | AY10: Normal Work | AZ10: Normal Work | BA10: Normal Work | BB10: Normal Work | BE10: Normal Work | BF10: Office | BG10: VSOC SAN | BH10: SD cover | BI10: Annual Leave | BL10: Annual Leave | BM10: SD cover | BN10: Normal Work | BO10: DWP Leeds | BP10: SD cover | BS10: Normal Work | BT10: Normal Work | BU10: VSOC SAN | BV10: Normal Work | BW10: Normal Work | BZ10: SD cover | CA10: SD cover | CB10: VSOC | CC10: Normal Work | CD10: Keep Free - Cover | CG10: A/L PM | CH10: DR Test Plan | CI10: Normal Work | CJ10: Normal Work | CK10: Normal Work | CR10: I | CU10: I | DK10: VSOC DR Test | DM10: Glos office | DP10: Craigavon - DWP | DQ10: Craigavon - DWP | DR10: Craigavon - DWP | DW10: I | ER10: I | IL10: I | MX10: I | NA10: I | NE10: I
A11: OST BaB | D11: D | CR11: D | CU11: D | DW11: D | ER11: D | IL11: D | MX11: D | NA11: D | NE11: D
A12: Eddie Beebee | B12: Build-a-Bear | C12: OST | D12: A | E12: Annual Leave | H12: Annual Leave | I12: Normal Work | J12: BaB Slough | K12: Normal Work | L12: Normal Work | O12: BaB Visits | P12: Normal Work | Q12: BaB Cardiff | R12: Normal Work | S12: Normal Work | V12: Annual Leave | W12: BaB Slough | X12: Normal Work | Y12: BaB Bournemouth | Z12: Normal Work | AC12: Normal Work | AD12: Normal Work | AE12: BaB Slough | AF12: Normal Work | AG12: Normal Work | AJ12: Normal Work | AK12: Normal Work | AL12: BaB Slough | AM12: Normal Work | AN12: Normal Work | AQ12: Normal Work | AR12: Normal Work | AS12: BaB Slough | AT12: Normal Work | AU12: Annual Leave | AX12: FRA | AY12: FRA | AZ12: FRA | BA12: FRA | BB12: FRA | BE12: FRA | BF12: FRA | BG12: FRA | BH12: FRA | BI12: FRA | BL12: BAB IRE | BM12: BAB IRE | BN12: BAB IRE | BO12: BAB IRE | BP12: Normal Work | BS12: Normal Work | BT12: Normal Work | BU12: BaB Slough | BV12: Normal Work | BW12: Normal Work | BZ12: Annual Leave | CA12: Normal Work | CB12: BaB Slough | CC12: Normal Work | CD12: A/L PM | CG12: Normal Work | CH12: Normal Work | CI12: Normal Work | CJ12: Normal Work | CK12: Annual Leave PM | CN12: Annual Leave | CO12: Annual Leave | CP12: Annual Leave | CR12: A | CU12: A | DM12: Glos office | DW12: A | ER12: A | GE12: Annual Leave | GH12: Annual Leave | GI12: Annual Leave | GJ12: Annual Leave | GK12: Annual Leave | IL12: A | MX12: A | NA12: A | NE12: A
A13: Alex Walton | B13: Build-a-Bear | C13: OST | D13: Y | E13: Normal Work | H13: Normal Work | I13: Normal Work | J13: Normal Work | K13: Normal Work | L13: Normal Work | O13: Normal Work | P13: Glos Office | Q13: BAB Selby AM | R13: Annual Leave | S13: Annual Leave | V13: Normal Work | W13: Normal Work | X13: BaB Chesterfeild | Y13: Normal Work | Z13: Annual Leave | AC13: Normal Work | AD13: Normal Work | AE13: Normal Work | AF13: Normal Work | AG13: Normal Work | AJ13: Glos Office | AK13: Annual Leave | AL13: BaB Slough | AM13: Chesterfield | AN13: Annual Leave | AQ13: Normal Work | AR13: Normal Work | AS13: VSOC Edge | AT13: Normal Work | AU13: Normal Work | AX13: Normal Work | AY13: Normal Work | AZ13: BaB Slough | BA13: Normal Work | BB13: Normal Work | BE13: Glos Office | BF13: Normal Work | BG13: Normal Work | BH13: Normal Work | BI13: Normal Work | BL13: Normal Work | BM13: Normal Work | BN13: Normal Work | BO13: Normal Work | BP13: Normal Work | BS13: Annual Leave | BT13: Normal Work | BU13: Normal Work | BV13: Chesterfield | BW13: Gloucester | BZ13: BaB Edinburgh | CA13: Normal Work | CB13: BaB Leeds | CC13: Normal Work | CD13: BaB Scotland | CG13: Normal Work | CH13: Normal Work | CI13: Normal Work | CJ13: Normal Work | CK13: Normal Work | CQ13: Annual Leave | CR13: Y | CU13: Y | CV13: Annual Leave | DM13: Glos office | DP13: Annual Leave | DW13: Y | ER13: Y | IL13: Y | MX13: Y | NA13: Y | NE13: Y
A14: OST
A15: Udit Patel | B15: OST | C15: OST | D15: B | E15: Annual Leave | H15: Annual Leave | I15: Annual Leave | J15: Annual Leave | K15: Annual Leave | L15: Annual Leave | O15: Annual Leave | P15: Annual Leave | Q15: Annual Leave | R15: Annual Leave | S15: Annual Leave | V15: VSOC | W15: Normal Work | X15: VSOC Holliday | Y15: VSOC Holliday | Z15: Allied Swindon | AC15: Cisco Exam | AD15: VSOC RFC's | AE15: out | AF15: Scotland | AG15: VSOC | AJ15: Half day PM | AK15: Annual Leave | AL15: Half day PM | AM15: VSOC | AN15: Normal Work | AQ15: Normal Work | AR15: VSOC Edge | AS15: VSOC Edge | AT15: VSOC | AU15: Normal Work | AX15: SD cover | AY15: SD cover WFH | AZ15: SD cover | BA15: VSOC | BB15: SD cover | BE15: Normal Work | BF15: Normal Work | BG15: VSOC SAN | BH15: VSOC | BI15: Normal Work | BL15: SD cover | BM15: SD cover | BN15: Normal Work | BO15: VSOC | BP15: Normal Work | BS15: Annual Leave | BT15: Annual Leave | BU15: Annual Leave | BV15: Annual Leave | BW15: Annual Leave | BZ15: Annual Leave | CA15: Normal Work | CB15: VSOC | CC15: VSOC | CD15: Study | CG15: Normal Work | CH15: Normal Work | CI15: Normal Work | CJ15: Normal Work | CK15: Annual Leave PM | CN15: Van Repair | CO15: Study | CP15: Study | CQ15: Study | CR15: B | CU15: B | CV15: Study | CW15: Study | CX15: NATS PC's | CY15: NATS PC's | DB15: CCNA - TBC | DC15: CCNA - TBC | DD15: CCNA - TBC | DE15: CCNA - TBC | DF15: CCNA - TBC | DK15: VSOC DR Test | DM15: Glos office | DW15: B | ER15: B | IL15: B | MX15: B | NA15: B | NE15: B
A16: Ray Chitekwe | B16: OST | C16: OST | D16: A | E16: Normal Work | H16: Radnor | I16: Normal Work | J16: Normal Work | K16: Glos Office | L16: Radnor | O16: Normal Work | P16: Normal Work | Q16: Normal Work | R16: Shard | S16: Normal Work | V16: Normal Work | W16: Normal Work | X16: Normal Work | Y16: Normal Work | Z16: Normal Work | AC16: Normal Work | AD16: Normal Work | AE16: Normal Work | AF16: Normal Work | AG16: Normal Work | AJ16: Shard | AK16: Normal Work | AL16: Normal Work | AM16: Normal Work | AN16: Cornerstone | AQ16: Cornerstone | AR16: Normal Work | AS16: Normal Work | AT16: Normal Work | AU16: Normal Work | AX16: SD cover | AY16: Radnor | AZ16: SD cover | BA16: Half Day | BB16: Annual Leave | BE16: Annual Leave | BF16: Annual Leave | BG16: Annual Leave | BH16: Annual Leave | BI16: Annual Leave | BL16: Normal Work | BM16: Normal Work | BN16: Normal Work | BO16: Radnor | BP16: Normal Work | BS16: Radnor | BT16: Normal Work | BU16: BaB WCity | BV16: Normal Work | BW16: Normal Work | BZ16: Normal Work | CA16: Normal Work | CB16: Shard | CC16: Normal Work | CD16: Normal Work | CG16: Annual Leave | CH16: Annual Leave | CI16: Annual Leave | CJ16: Annual Leave | CK16: Annual Leave | CO16: Radnor Prep | CR16: A | CU16: A | DM16: Glos office | DW16: A | ER16: A | IL16: A | MX16: A | NA16: A | NE16: A
A17: Projects | D17: N | CR17: N | CU17: N | DW17: N | ER17: N | IL17: N | MX17: N | NA17: N | NE17: N
A18: Nayan Kolhar | B18: Projects | C18: Engineer | D18: K | E18: Normal Work | H18: Radnor | I18: VSOC RFCs | J18: VSOC RFCs | K18: VSOC BT | L18: Revision | N18: Exam | O18: Admin / VSOC | P18: VSOC | Q18: Normal Work | R18: Revision | S18: Revision | V18: Revision | W18: VSOC Holliday | X18: VSOC Holliday | Y18: VSOC Holliday | Z18: Allied Swindon | AA18: Exam | AC18: Annual Leave | AD18: Admin | AE18: Normal Work | AF18: Exam | AG18: Wessex Firewall | AJ18: Exam | AK18: Radnor | AL18: Exam | AM18: Normal Work | AN18: Normal Work | AQ18: VSOC HS | AR18: VSOC Edge | AS18: VSOC Edge | AT18: VSOC Paperwork | AU18: Annual Leave | AX18: Radnor | AY18: Radnor | AZ18: Radnor | BA18: Paperwork | BB18: Paperwork | BE18: Radnor | BF18: Normal Work | BG18: Exam | BH18: VSOC Admin | BI18: VSOC Admin | BL18: VSOC Admin | BM18: VSOC Admin | BN18: VSOC Admin | BO18: VSOC Admin | BP18: VSOC Admin | BS18: Radnor | BT18: Normal Work | BU18: Normal Work | BV18: Red Sav | BW18: Red Sav | BZ18: Normal Work | CA18: Hopson | CB18: Wessex | CC18: VSOC Paperwork | CD18: Normal Work | CG18: Normal Work | CH18: COECT | CI18: Normal Work | CJ18: Normal Work | CK18: Normal Work | CN18: Annual Leave | CO18: A/L PM | CR18: K | CU18: K | DM18: Glos office | DW18: K | ER18: K | IL18: K | MX18: K | NA18: K | NE18: K
A19: Sean Fenton | B19: Projects | C19: Engineer | E19: Annual Leave | H19: Normal Work | I19: Normal Work | J19: Normal Work | K19: Normal Work | L19: Normal Work | O19: Normal Work | P19: Annual Leave | Q19: Normal Work | R19: Normal Work | S19: Normal Work | V19: Normal Work | W19: Normal Work | X19: Annual Leave | Y19: Normal Work | Z19: SD if needed | AC19: Normal Work | AD19: Normal Work | AE19: Normal Work | AF19: Annual Leave | AG19: Normal Work | AJ19: Radnor | AK19: Radnor | AL19: Red Sav CF | AM19: Annual Leave | AN19: Normal Work | AQ19: DWP Docs | AR19: Radnor | AS19: Radnor | AT19: Annual Leave | AU19: Annual Leave PM | AX19: Normal Work | AY19: Normal Work | AZ19: Radnor | BA19: Radnor | BB19: SD cover | BE19: Normal Work | BF19: Normal Work | BG19: Annual Leave | BH19: Annual Leave | BI19: SD cover | BL19: Normal Work | BM19: Normal Work | BN19: Normal Work | BO19: Annual Leave | BP19: Annual Leave | BS19: Normal Work | BT19: Normal Work | BU19: Normal Work | BV19: HPE London | BW19: Normal Work | BZ19: DWP Backups | CA19: DWP Backups | CB19: SD cover | CC19: DWP SOW | CD19: Normal Work | CG19: Red Sav CF | CH19: Radnor Azure | CI19: Normal Work | CJ19: Normal Work | CK19: Normal Work | DM19: Glos office | DP19: Craigavon - DWP | DQ19: Craigavon - DWP | DR19: Craigavon - DWP | DY19: MS Training | EK19: HPE Course | EL19: HPE Course | EM19: HPE Course | EN19: HPE Course | EO19: HPE Course
A20: Andrew Lord | B20: Projects | C20: Engineer | D20: H | E20: Normal Work | H20: Normal Work | I20: Normal Work | J20: VSOC PC Builds | K20: SD Cover | L20: SD Cover | O20: Admin | P20: T Nielson | Q20: SD Cover | R20: SD Cover | S20: SD Cover | V20: Padpilot CE | W20: Radnor VPN | X20: VSOC Holliday | Y20: Admin | Z20: Allied Swindon | AC20: IT Hub | AD20: IT Hub | AE20: IT Hub | AF20: SD | AG20: SD | AJ20: Normal Work | AK20: Croft | AL20: SD/Call Cab | AM20: SD | AN20: DWP Patching | AQ20: Annual Leave PM | AR20: Normal Work | AS20: Annual Leave | AT20: DWP Patching | AU20: DWP Patching | AX20: SD cover/DWP | AY20: SD cover/DWP | AZ20: SD cover/DWP | BA20: SD cover/DWP | BB20: SD cover/DWP | BE20: Normal Work | BF20: SD | BG20: SD /Croft Sec | BH20: Croft Sec | BI20: SD | BL20: SD | BM20: SD | BN20: SD | BO20: SD | BP20: A/L PM | BS20: Annual Leave | BT20: Annual Leave | BU20: Annual Leave | BV20: Annual Leave | BW20: Annual Leave | BZ20: Annual Leave | CA20: Annual Leave | CB20: Annual Leave | CC20: Annual Leave | CD20: Annual Leave | CG20: Annual Leave | CH20: SD cover | CI20: SD cover | CJ20: SD cover | CK20: SD cover | CN20: SD cover | CO20: SD cover | CP20: SD cover | CQ20: SD cover | CR20: H | CU20: H | DM20: Glos office | DP20: Craigavon - DWP | DQ20: Craigavon - DWP | DR20: Craigavon - DWP | DW20: H | ER20: H | IL20: H | MX20: H | NA20: H | NE20: H
A21: Team Leads | D21: O | CR21: O | CU21: O | DW21: O | ER21: O | IL21: O | MX21: O | NA21: O | NE21: O
A22: Heide Stanley | B22: MGMT | C22: Service | D22: L | E22: Annual Leave | H22: Normal Work | I22: Normal Work | J22: Normal Work | K22: Normal Work | L22: Normal Work | O22: Normal Work | P22: Normal Work | Q22: Normal Work | R22: Normal Work | S22: Normal Work | V22: Normal Work | W22: Normal Work | X22: Normal Work | Y22: Normal Work | Z22: Normal Work | AC22: Normal Work | AD22: Careers Fair | AE22: Normal Work | AF22: London | AG22: Normal Work | AJ22: Normal Work | AK22: Normal Work | AL22: Normal Work | AM22: Normal Work | AN22: Normal Work | AQ22: Normal Work | AR22: Normal Work | AS22: Normal Work | AT22: Normal Work | AU22: Normal Work | AX22: Normal Work | AY22: Annual Leave | AZ22: Annual Leave | BA22: Annual Leave | BB22: Normal Work | BE22: Normal Work | BF22: A/L PM | BG22: Normal Work | BH22: Normal Work | BI22: Annual Leave | BL22: Normal Work | BM22: Normal Work | BN22: Radnor AM | BO22: Normal Work | BP22: Normal Work | BS22: Normal Work | BT22: Normal Work | BU22: Normal Work | BV22: Normal Work | BW22: Normal Work | BZ22: A/L PM | CA22: Normal Work | CB22: Normal Work | CC22: Normal Work | CD22: Annual Leave | CG22: Normal Work | CH22: Normal Work | CI22: Annual Leave | CJ22: Annual Leave | CK22: Normal Work | CN22: Annual Leave | CO22: Annual Leave | CR22: L | CU22: L | CX22: Annual Leave | DM22: Glos office | DP22: Craigavon - DWP | DQ22: Craigavon - DWP | DR22: Craigavon - DWP | DW22: L | ER22: L | IL22: L | MX22: L | NA22: L | NE22: L
A23: Andrew Lord | B23: SD TL | BS23: Annual Leave | BT23: Annual Leave | BU23: Annual Leave | BV23: Annual Leave | BW23: Annual Leave | BZ23: Annual Leave | CA23: Annual Leave | CB23: Annual Leave | CC23: Annual Leave | CD23: Annual Leave | CG23: Annual Leave | CH23: Normal Work | CI23: Normal Work | CJ23: Normal Work | CK23: Normal Work | DM23: Glos office | DP23: Craigavon - DWP | DQ23: Craigavon - DWP | DR23: Craigavon - DWP
A24: Jack Mumford Left June) | B24: MGMT | C24: Service | H24: Normal Work | I24: Normal Work | J24: Normal Work | K24: Normal Work | L24: Normal Work | AG24: Normal Work | BS24: Normal Work | BT24: Normal Work | BU24: Normal Work | BV24: Normal Work | BW24: Normal Work | CA24: Normal Work | CB24: Normal Work | CC24: Normal Work | CD24: Normal Work | DM24: Glos office
A25: Amber Baker | B25: MGMT | C25: Service | D25: I | E25: Normal Work | H25: Normal Work | I25: Normal Work | L25: Normal Work | O25: Normal Work | P25: Normal Work | S25: Annual Leave | V25: Normal Work | W25: Normal Work | Z25: Normal Work | AD25: Normal Work | AG25: Normal Work | AJ25: Normal Work | AK25: Normal Work | AN25: Normal Work | AQ25: Normal Work | AR25: Normal Work | AU25: Normal Work | AX25: Normal Work | AY25: Normal Work | BB25: Normal Work | BE25: Normal Work | BS25: Normal Work | BT25: Normal Work | BU25: Normal Work | BV25: Normal Work | BW25: Normal Work | CA25: Normal Work | CB25: Normal Work | CC25: Normal Work | CD25: Normal Work | CR25: I | CU25: I | DM25: Glos office | DW25: I | ER25: I | IL25: I | MX25: I | NA25: I | NE25: I
A26: Alex Lawson | B26: MGMT | C26: MGMT | E26: Annual Leave | H26: Normal Work | I26: Normal Work | J26: Normal Work | K26: Normal Work | L26: Normal Work | O26: Normal Work | P26: Normal Work | AG26: Normal Work | BB26: Normal Work | BS26: Normal Work | BT26: Normal Work | BU26: Normal Work | BV26: Normal Work | BW26: Normal Work | CA26: Normal Work | CB26: Normal Work | CC26: Normal Work | CD26: Normal Work | DM26: Glos office
A27: Henry Portch | B27: SE | D27: D | E27: Annual Leave | H27: Normal Work | I27: Normal Work | J27: Normal Work | K27: Normal Work | L27: Normal Work | O27: Normal Work | P27: Normal Work | Q27: Normal Work | R27: Normal Work | S27: Normal Work | V27: Normal Work | W27: Normal Work | X27: Normal Work | Y27: Normal Work | Z27: Allied Swindon | AC27: Normal Work | AD27: Normal Work | AE27: Normal Work | AF27: A/L PM | AG27: Normal Work | AJ27: Normal Work | AK27: Normal Work | AL27: Normal Work | AM27: Annual Leave | AN27: Annual Leave | AQ27: Normal Work | AR27: AT Stockholm | AS27: AT Stockholm | AT27: AT Stockholm | AU27: AT Stockholm | AX27: VSOC HS | AY27: Normal Work | AZ27: Normal Work | BA27: Normal Work | BB27: Normal Work | BE27: Normal Work | BF27: Normal Work | BG27: Normal Work | BH27: Normal Work | BI27: Normal Work | BL27: Normal Work | BM27: Normal Work | BN27: Radnor AM | BO27: WFH | BP27: Normal Work | BS27: Normal Work | BT27: Normal Work | BU27: Normal Work | BV27: HPE London | BW27: Normal Work | BZ27: SD cover | CA27: Normal Work | CB27: WFH | CC27: Normal Work | CD27: SD cover | CG27: Normal Work | CH27: Annual Leave | CI27: Annual Leave | CJ27: Normal Work | CK27: Normal Work | CR27: D | CU27: D | DM27: Glos office | DW27: D | ER27: D | IL27: D | MX27: D | NA27: D | NE27: D
A28: Rebecca Smith | B28: MGMT | D28: A | E28: Normal Work | H28: Normal Work | I28: Normal Work | J28: Normal Work | K28: Normal Work | L28: Normal Work | O28: Normal Work | P28: Normal Work | Q28: Normal Work | R28: Normal Work | S28: Normal Work | V28: Normal Work | W28: Normal Work | X28: Normal Work | Y28: Normal Work | Z28: Normal Work | AC28: Normal Work | AD28: Normal Work | AE28: WFH - Revision | AF28: London | AG28: WFH - Revision | AI28: Exam | AJ28: Normal Work | AK28: Normal Work | AL28: WFH | AM28: Chesterfield | AN28: Normal Work | AQ28: Normal Work | AR28: Normal Work | AS28: Normal Work | AT28: Normal Work | AU28: WFH | AX28: Normal Work | AY28: Leave | AZ28: Leave | BA28: Leave | BB28: Leave | BE28: Normal Work | BF28: Normal Work | BG28: Normal Work | BH28: Annual Leave | BI28: Normal Work | BL28: Normal Work | BM28: WFH | BN28: Normal Work | BO28: Normal Work | BP28: Normal Work | BS28: Normal Work | BT28: WFH | BU28: Normal Work | BV28: Chesterfield | BW28: Normal Work | BZ28: Normal Work | CA28: Normal Work | CB28: London | CC28: Normal Work | CD28: Normal Work | CG28: Normal Work | CH28: Normal Work | CI28: Normal Work | CJ28: Normal Work | CK28: Normal Work | CQ28: Annual Leave | CR28: A | CU28: A | DF28: A/L PM | DM28: Glos office | DW28: A | ER28: A | ES28: Annual Leave | ET28: Annual Leave | EU28: Annual Leave | EV28: Annual Leave | EY28: Annual Leave | FJ28: Annual Leave | FM28: Annual Leave | IB28: Annual Leave | IL28: A | JD28: Annual Leave | JG28: Annual Leave | JH28: Annual Leave | JI28: Annual Leave | JJ28: Annual Leave | JK28: Annual Leave | JN28: Annual Leave | JO28: Annual Leave | JP28: Annual Leave | JQ28: Annual Leave | JR28: Annual Leave | JU28: Annual Leave | JV28: Annual Leave | JW28: Annual Leave | MX28: A | NA28: A | NE28: A
A29: Amy Rawle | B29: MGMT | C29: MGMT | E29: Annual Leave | H29: Normal Work | I29: Normal Work | J29: Normal Work | K29: Normal Work | L29: Normal Work | O29: Normal Work | P29: Normal Work | Q29: Normal Work | R29: Normal Work | S29: Normal Work | V29: Normal Work | W29: Normal Work | X29: Normal Work | Y29: Normal Work | Z29: Normal Work | AC29: Normal Work | AD29: Normal Work | AE29: Normal Work | AF29: Normal Work | AG29: Normal Work | AJ29: Normal Work | AK29: Normal Work | AL29: Normal Work | AM29: Normal Work | AN29: Normal Work | AQ29: Normal Work | AR29: Normal Work | AS29: Normal Work | AT29: Normal Work | AU29: Normal Work | AX29: Normal Work | AY29: Normal Work | AZ29: Normal Work | BA29: Normal Work | BB29: Normal Work | BE29: Normal Work | BF29: Normal Work | BG29: Normal Work | BH29: Normal Work | BI29: Normal Work | BL29: Normal Work | BM29: Normal Work | BN29: Normal Work | BO29: Normal Work | BP29: Normal Work | BS29: Normal Work | BT29: Normal Work | BU29: Normal Work | BV29: Normal Work | BW29: Normal Work | BZ29: Normal Work | CA29: Normal Work | CB29: Normal Work | CC29: Normal Work | CD29: Normal Work | CG29: Normal Work | CH29: Normal Work | CI29: Normal Work | CJ29: Normal Work | CK29: Normal Work | CN29: Normal Work | CO29: Normal Work | CP29: Normal Work | CQ29: Normal Work | CV29: Normal Work | CW29: Normal Work | CX29: Normal Work | CY29: Normal Work | DB29: Normal Work | DC29: Normal Work | DD29: Normal Work | DE29: Normal Work | DF29: Normal Work | DI29: Normal Work | DJ29: Normal Work | DK29: Normal Work | DL29: Normal Work | DM29: Normal Work | DP29: Normal Work | DQ29: Normal Work | DR29: Normal Work | DS29: Normal Work | DT29: Normal Work | DX29: Normal Work | DY29: Normal Work | DZ29: Normal Work | EA29: Normal Work | ED29: Normal Work | EE29: Normal Work | EF29: Normal Work | EG29: Normal Work | EH29: Normal Work | EK29: Normal Work | EL29: Normal Work | EM29: Normal Work | EN29: Normal Work | EO29: Normal Work | ES29: Normal Work | ET29: Normal Work | EU29: Normal Work | EV29: Normal Work | EY29: Normal Work | EZ29: Normal Work | FA29: Normal Work | FB29: Normal Work | FC29: Normal Work | FF29: Normal Work | FG29: Normal Work | FH29: Normal Work | FI29: Normal Work | FJ29: Normal Work | FM29: Normal Work | FN29: Normal Work | FO29: Normal Work | FP29: Normal Work | FQ29: Normal Work | FT29: Normal Work | FU29: Normal Work | FV29: Normal Work | FW29: Normal Work | FX29: Normal Work | GA29: Normal Work | GB29: Normal Work | GC29: Normal Work | GD29: Normal Work | GE29: Normal Work | GH29: Normal Work | GI29: Normal Work | GJ29: Normal Work | GK29: Normal Work | GL29: Normal Work | GO29: Normal Work | GP29: Normal Work | GQ29: Normal Work | GR29: Normal Work | GS29: Normal Work | GV29: Normal Work | GW29: Normal Work | GX29: Normal Work | GY29: Normal Work | GZ29: Normal Work | HC29: Normal Work | HD29: Normal Work | HE29: Normal Work | HF29: Normal Work | HG29: Normal Work | HJ29: Normal Work | HK29: Normal Work | HL29: Normal Work | HM29: Normal Work | HN29: Normal Work | HQ29: Normal Work | HR29: Normal Work | HS29: Normal Work | HT29: Normal Work | HU29: Normal Work | HX29: Normal Work | HY29: Normal Work | HZ29: Normal Work | IA29: Normal Work | IB29: Normal Work | IE29: Normal Work | IF29: Normal Work | IG29: Normal Work | IH29: Normal Work | II29: Normal Work | IM29: Normal Work | IN29: Normal Work | IO29: Normal Work | IP29: Normal Work | IS29: Normal Work | IT29: Normal Work | IU29: Normal Work | IV29: Normal Work | IW29: Normal Work | IZ29: Normal Work | JA29: Normal Work | JB29: Normal Work | JC29: Normal Work | JD29: Normal Work | JG29: Normal Work | JH29: Normal Work | JI29: Normal Work | JJ29: Normal Work | JK29: Normal Work | JN29: Normal Work | JO29: Normal Work | JP29: Normal Work | JQ29: Normal Work | JR29: Normal Work | JU29: Normal Work | JV29: Normal Work | JW29: Normal Work | JX29: Normal Work | JY29: Normal Work | KB29: Normal Work | KC29: Normal Work | KD29: Normal Work | KE29: Normal Work | KF29: Normal Work | KI29: Normal Work | KJ29: Normal Work | KK29: Normal Work | KL29: Normal Work | KM29: Normal Work | KP29: Normal Work | KQ29: Normal Work | KR29: Normal Work | KS29: Normal Work | KT29: Normal Work | KW29: Normal Work | KX29: Normal Work | KY29: Normal Work | KZ29: Normal Work | LA29: Normal Work | LD29: Normal Work | LE29: Normal Work | LF29: Normal Work | LG29: Normal Work | LH29: Normal Work | LK29: Normal Work | LL29: Normal Work | LM29: Normal Work | LN29: Normal Work | LO29: Normal Work | LR29: Normal Work | LS29: Normal Work | LT29: Normal Work | LU29: Normal Work | LV29: Normal Work | LY29: Normal Work | LZ29: Normal Work | MA29: Normal Work | MB29: Normal Work | MC29: Normal Work | MF29: Normal Work | MG29: Normal Work | MH29: Normal Work | MI29: Normal Work | MJ29: Normal Work | MM29: Normal Work | MN29: Normal Work | MO29: Normal Work | MP29: Normal Work | MQ29: Normal Work | MT29: Normal Work | MU29: Normal Work | MV29: Normal Work | MW29: Normal Work | NB29: Normal Work | NC29: Normal Work | ND29: Normal Work
A30: Apprentice | D30: Y | CR30: Y | CU30: Y | DW30: Y | ER30: Y | IL30: Y | MX30: Y | NA30: Y | NE30: Y
D31: 45658 | E31: 46024 | F31: 46025 | G31: 46026 | H31: 46027 | I31: 46028 | J31: 46029 | K31: 46030 | L31: 46031 | M31: 46032 | N31: 46033 | O31: 46034 | P31: 46035 | Q31: 46036 | R31: 46037 | S31: 46038 | T31: 46039 | U31: 46040 | V31: 46041 | W31: 46042 | X31: 46043 | Y31: 46044 | Z31: 46045 | AA31: 46046 | AB31: 46047 | AC31: 46048 | AD31: 46049 | AE31: 46050 | AF31: 46051 | AG31: 46052 | AH31: 46053 | AI31: 46054 | AJ31: 46055 | AK31: 46056 | AL31: 46057 | AM31: 46058 | AN31: 46059 | AO31: 46060 | AP31: 46061 | AQ31: 46062 | AR31: 46063 | AS31: 46064 | AT31: 46065 | AU31: 46066 | AV31: 46067 | AW31: 46068 | AX31: 46069 | AY31: 46070 | AZ31: 46071 | BA31: 46072 | BB31: 46073 | BC31: 46074 | BD31: 46075 | BE31: 46076 | BF31: 46077 | BG31: 46078 | BH31: 46079 | BI31: 46080 | BJ31: 46081 | BK31: 46082 | BL31: 46083 | BM31: 46084 | BN31: 46085 | BO31: 46086 | BP31: 46087 | BQ31: 46088 | BR31: 46089 | BS31: 46090 | BT31: 46091 | BU31: 46092 | BV31: 46093 | BW31: 46094 | BX31: 46095 | BY31: 46096 | BZ31: 46097 | CA31: 46098 | CB31: 46099 | CC31: 46100 | CD31: 46101 | CE31: 46102 | CF31: 46103 | CG31: 46104 | CH31: 46105 | CI31: 46106 | CJ31: 46107 | CK31: 46108 | CL31: 46109 | CM31: 46110 | CN31: 46111 | CO31: 46112 | CP31: 46113 | CQ31: 46114 | CR31: 46115 | CS31: 46116 | CT31: 46117 | CU31: 46118 | CV31: 46119 | CW31: 46120 | CX31: 46121 | CY31: 46122 | CZ31: 46123 | DA31: 46124 | DB31: 46125 | DC31: 46126 | DD31: 46127 | DE31: 46128 | DF31: 46129 | DG31: 46130 | DH31: 46131 | DI31: 46132 | DJ31: 46133 | DK31: 46134 | DL31: 46135 | DM31: 46136 | DN31: 46137 | DO31: 46138 | DP31: 46139 | DQ31: 46140 | DR31: 46141 | DS31: 46142 | DT31: 46143 | DU31: 46144 | DV31: 46145 | DW31: 46146 | DX31: 46147 | DY31: 46148 | DZ31: 46149 | EA31: 46150 | EB31: 46151 | EC31: 46152 | ED31: 46153 | EE31: 46154 | EF31: 46155 | EG31: 46156 | EH31: 46157 | EI31: 46158 | EJ31: 46159 | EK31: 46160 | EL31: 46161 | EM31: 46162 | EN31: 46163 | EO31: 46164 | EP31: 46165 | EQ31: 46166 | ER31: 46167 | ES31: 46168 | ET31: 46169 | EU31: 46170 | EV31: 46171 | EW31: 46172 | EX31: 46173 | EY31: 46174 | EZ31: 46175 | FA31: 46176 | FB31: 46177 | FC31: 46178 | FD31: 46179 | FE31: 46180 | FF31: 46181 | FG31: 46182 | FH31: 46183 | FI31: 46184 | FJ31: 46185 | FK31: 46186 | FL31: 46187 | FM31: 46188 | FN31: 46189 | FO31: 46190 | FP31: 46191 | FQ31: 46192 | FR31: 46193 | FS31: 46194 | FT31: 46195 | FU31: 46196 | FV31: 46197 | FW31: 46198 | FX31: 46199 | FY31: 46200 | FZ31: 46201 | GA31: 46202 | GB31: 46203 | GC31: 46204 | GD31: 46205 | GE31: 46206 | GF31: 46207 | GG31: 46208 | GH31: 46209 | GI31: 46210 | GJ31: 46211 | GK31: 46212 | GL31: 46213 | GM31: 46214 | GN31: 46215 | GO31: 46216 | GP31: 46217 | GQ31: 46218 | GR31: 46219 | GS31: 46220 | GT31: 46221 | GU31: 46222 | GV31: 46223 | GW31: 46224 | GX31: 46225 | GY31: 46226 | GZ31: 46227 | HA31: 46228 | HB31: 46229 | HC31: 46230 | HD31: 46231 | HE31: 46232 | HF31: 46233 | HG31: 46234 | HH31: 46235 | HI31: 46236 | HJ31: 46237 | HK31: 46238 | HL31: 46239 | HM31: 46240 | HN31: 46241 | HO31: 46242 | HP31: 46243 | HQ31: 46244 | HR31: 46245 | HS31: 46246 | HT31: 46247 | HU31: 46248 | HV31: 46249 | HW31: 46250 | HX31: 46251 | HY31: 46252 | HZ31: 46253 | IA31: 46254 | IB31: 46255 | IC31: 46256 | ID31: 46257 | IE31: 46258 | IF31: 46259 | IG31: 46260 | IH31: 46261 | II31: 46262 | IJ31: 46263 | IK31: 46264 | IL31: 46265 | IM31: 46266 | IN31: 46267 | IO31: 46268 | IP31: 46269 | IQ31: 46270 | IR31: 46271 | IS31: 46272 | IT31: 46273 | IU31: 46274 | IV31: 46275 | IW31: 46276 | IX31: 46277 | IY31: 46278 | IZ31: 46279 | JA31: 46280 | JB31: 46281 | JC31: 46282 | JD31: 46283 | JE31: 46284 | JF31: 46285 | JG31: 46286 | JH31: 46287 | JI31: 46288 | JJ31: 46289 | JK31: 46290 | JL31: 46291 | JM31: 46292 | JN31: 46293 | JO31: 46294 | JP31: 46295 | JQ31: 46296 | JR31: 46297 | JS31: 46298 | JT31: 46299 | JU31: 46300 | JV31: 46301 | JW31: 46302 | JX31: 46303 | JY31: 46304 | JZ31: 46305 | KA31: 46306 | KB31: 46307 | KC31: 46308 | KD31: 46309 | KE31: 46310 | KF31: 46311 | KG31: 46312 | KH31: 46313 | KI31: 46314 | KJ31: 46315 | KK31: 46316 | KL31: 46317 | KM31: 46318 | KN31: 46319 | KO31: 46320 | KP31: 46321 | KQ31: 46322 | KR31: 46323 | KS31: 46324 | KT31: 46325 | KU31: 46326 | KV31: 46327 | KW31: 46328 | KX31: 46329 | KY31: 46330 | KZ31: 46331 | LA31: 46332 | LB31: 46333 | LC31: 46334 | LD31: 46335 | LE31: 46336 | LF31: 46337 | LG31: 46338 | LH31: 46339 | LI31: 46340 | LJ31: 46341 | LK31: 46342 | LL31: 46343 | LM31: 46344 | LN31: 46345 | LO31: 46346 | LP31: 46347 | LQ31: 46348 | LR31: 46349 | LS31: 46350 | LT31: 46351 | LU31: 46352 | LV31: 46353 | LW31: 46354 | LX31: 46355 | LY31: 46356 | LZ31: 46357 | MA31: 46358 | MB31: 46359 | MC31: 46360 | MD31: 46361 | ME31: 46362 | MF31: 46363 | MG31: 46364 | MH31: 46365 | MI31: 46366 | MJ31: 46367 | MK31: 46368 | ML31: 46369 | MM31: 46370 | MN31: 46371 | MO31: 46372 | MP31: 46373 | MQ31: 46374 | MR31: 46375 | MS31: 46376 | MT31: 46377 | MU31: 46378 | MV31: 46379 | MW31: 46380 | MX31: 46381 | MY31: 46382 | MZ31: 46383 | NA31: 46384 | NB31: 46385 | NC31: 46386 | ND31: 46387 | NE31: 46388
A32: Number of SD Team
A33: Ticket Open | E33: 38 | H33: 70 | I33: 57 | J33: 57 | K33: 68 | L33: 49 | O33: 58 | P33: 52 | Q33: 57 | R33: 60 | S33: 48 | V33: 44 | W33: 47 | X33: 62 | Y33: 58 | Z33: 42 | AC33: 59 | AD33: 65 | AE33: 50 | AF33: 44 | AG33: 36 | AJ33: 66 | AK33: 73 | AL33: 57 | AM33: 53 | AN33: 56 | AQ33: 80 | AR33: 70 | AS33: 111 | AT33: 59 | AU33: 82 | AX33: 58 | AY33: 47 | AZ33: 41 | BA33: 34 | BB33: 61 | BE33: 58 | BF33: 54 | BG33: 78 | BH33: 79 | BI33: 87 | BL33: 70 | BM33: 82 | BN33: 82 | BO33: 80 | BP33: 79 | BS33: 45 | BT33: 50 | BU33: 61 | BV33: 41 | BW33: 57
A34: Total Tickets Closed | E34: 44 | H34: 69 | I34: 56 | J34: 65 | K34: 48 | L34: 56 | O34: 70 | P34: 42 | Q34: 64 | R34: 63 | S34: 52 | V34: 59 | W34: 54 | X34: 52 | Y34: 60 | Z34: 47 | AC34: 83 | AD34: 77 | AE34: 57 | AF34: 46 | AG34: 33 | AJ34: 98 | AK34: 53 | AL34: 63 | AM34: 60 | AN34: 69 | AQ34: 107 | AR34: 83 | AS34: 109 | AT34: 57 | AU34: 94 | AX34: 83 | AY34: 38 | AZ34: 43 | BA34: 37 | BB34: 56 | BE34: 74 | BF34: 59 | BG34: 56 | BH34: 93 | BI34: 87 | BL34: 97 | BM34: 87 | BN34: 72 | BO34: 91 | BP34: 72 | BS34: 56 | BT34: 60 | BU34: 72 | BV34: 38 | BW34: 52
A36: Deficit | E36: =E33-E34 -> -6 | H36: =H33-H34 -> 1 | I36: =I33-I34 -> 1 | J36: =J33-J34 -> -8 | K36: =K33-K34 -> 20 | L36: =L33-L34 -> -7 | O36: =O33-O34 -> -12 | P36: =P33-P34 -> 10 | Q36: =Q33-Q34 -> -7 | R36: =R33-R34 -> -3 | S36: =S33-S34 -> -4 | V36: =V33-V34 -> -15 | W36: =W33-W34 -> -7 | X36: =X33-X34 -> 10 | Y36: =Y33-Y34 -> -2 | Z36: =Z33-Z34 -> -5 | AC36: =AC33-AC34 -> -24 | AD36: =AD33-AD34 -> -12 | AE36: =AE33-AE34 -> -7 | AF36: =AF33-AF34 -> -2 | AG36: =AG33-AG34 -> 3 | AJ36: =AJ33-AJ34 -> -32 | AK36: =AK33-AK34 -> 20 | AL36: =AL33-AL34 -> -6 | AM36: =AM33-AM34 -> -7 | AN36: =AN33-AN34 -> -13 | AQ36: =AQ33-AQ34 -> -27 | AR36: =AR33-AR34 -> -13 | AS36: =AS33-AS34 -> 2 | AT36: =AT33-AT34 -> 2 | AU36: =AU33-AU34 -> -12 | AX36: =AX33-AX34 -> -25 | AY36: =AY33-AY34 -> 9 | AZ36: =AZ33-AZ34 -> -2 | BA36: =BA33-BA34 -> -3 | BB36: =BB33-BB34 -> 5 | BE36: =BE33-BE34 -> -16 | BF36: =BF33-BF34 -> -5 | BG36: =BG33-BG34 -> 22 | BH36: =BH33-BH34 -> -14 | BI36: =BI33-BI34 -> 0 | BL36: =BL33-BL34 -> -27 | BM36: =BM33-BM34 -> -5 | BN36: =BN33-BN34 -> 10 | BO36: =BO33-BO34 -> -11 | BP36: =BP33-BP34 -> 7 | BS36: =BS33-BS34 -> -11 | BT36: =BT33-BT34 -> -10 | BU36: =BU33-BU34 -> -11 | BV36: =BV33-BV34 -> 3 | BW36: =BW33-BW34 -> 5 | BZ36: =BZ33-BZ34 -> 0 | CA36: =CA33-CA34 -> 0 | CB36: =CB33-CB34 -> 0 | CC36: =CC33-CC34 -> 0 | CD36: =CD33-CD34 -> 0 | CG36: =CG33-CG34 -> 0 | CH36: =CH33-CH34 -> 0 | CI36: =CI33-CI34 -> 0 | CJ36: =CJ33-CJ34 -> 0 | CK36: =CK33-CK34 -> 0 | CN36: =CN33-CN34 -> 0 | CO36: =CO33-CO34 -> 0 | CP36: =CP33-CP34 -> 0 | CQ36: =CQ33-CQ34 -> 0 | CV36: =CV33-CV34 -> 0 | CW36: =CW33-CW34 -> 0 | CX36: =CX33-CX34 -> 0 | CY36: =CY33-CY34 -> 0 | DB36: =DB33-DB34 -> 0 | DC36: =DC33-DC34 -> 0 | DD36: =DD33-DD34 -> 0 | DE36: =DE33-DE34 -> 0 | DF36: =DF33-DF34 -> 0 | DI36: =DI33-DI34 -> 0 | DJ36: =DJ33-DJ34 -> 0 | DK36: =DK33-DK34 -> 0 | DL36: =DL33-DL34 -> 0 | DM36: =DM33-DM34 -> 0 | DP36: =DP33-DP34 -> 0 | DQ36: =DQ33-DQ34 -> 0 | DR36: =DR33-DR34 -> 0 | DS36: =DS33-DS34 -> 0 | DT36: =DT33-DT34 -> 0 | DX36: =DX33-DX34 -> 0 | DY36: =DY33-DY34 -> 0 | DZ36: =DZ33-DZ34 -> 0 | EA36: =EA33-EA34 -> 0 | ED36: =ED33-ED34 -> 0 | EE36: =EE33-EE34 -> 0 | EF36: =EF33-EF34 -> 0 | EG36: =EG33-EG34 -> 0 | EH36: =EH33-EH34 -> 0 | EK36: =EK33-EK34 -> 0 | EL36: =EL33-EL34 -> 0 | EM36: =EM33-EM34 -> 0 | EN36: =EN33-EN34 -> 0 | EO36: =EO33-EO34 -> 0 | ES36: =ES33-ES34 -> 0 | ET36: =ET33-ET34 -> 0 | EU36: =EU33-EU34 -> 0 | EV36: =EV33-EV34 -> 0 | EY36: =EY33-EY34 -> 0 | EZ36: =EZ33-EZ34 -> 0 | FA36: =FA33-FA34 -> 0 | FB36: =FB33-FB34 -> 0 | FC36: =FC33-FC34 -> 0 | FF36: =FF33-FF34 -> 0 | FG36: =FG33-FG34 -> 0 | FH36: =FH33-FH34 -> 0 | FI36: =FI33-FI34 -> 0 | FJ36: =FJ33-FJ34 -> 0 | FM36: =FM33-FM34 -> 0 | FN36: =FN33-FN34 -> 0 | FO36: =FO33-FO34 -> 0 | FP36: =FP33-FP34 -> 0 | FQ36: =FQ33-FQ34 -> 0 | FT36: =FT33-FT34 -> 0 | FU36: =FU33-FU34 -> 0 | FV36: =FV33-FV34 -> 0 | FW36: =FW33-FW34 -> 0 | FX36: =FX33-FX34 -> 0 | GA36: =GA33-GA34 -> 0 | GB36: =GB33-GB34 -> 0 | GC36: =GC33-GC34 -> 0 | GD36: =GD33-GD34 -> 0 | GE36: =GE33-GE34 -> 0 | GH36: =GH33-GH34 -> 0 | GI36: =GI33-GI34 -> 0 | GJ36: =GJ33-GJ34 -> 0 | GK36: =GK33-GK34 -> 0 | GL36: =GL33-GL34 -> 0 | GO36: =GO33-GO34 -> 0 | GP36: =GP33-GP34 -> 0 | GQ36: =GQ33-GQ34 -> 0 | GR36: =GR33-GR34 -> 0 | GS36: =GS33-GS34 -> 0 | GV36: =GV33-GV34 -> 0 | GW36: =GW33-GW34 -> 0 | GX36: =GX33-GX34 -> 0 | GY36: =GY33-GY34 -> 0 | GZ36: =GZ33-GZ34 -> 0 | HC36: =HC33-HC34 -> 0 | HD36: =HD33-HD34 -> 0 | HE36: =HE33-HE34 -> 0 | HF36: =HF33-HF34 -> 0 | HG36: =HG33-HG34 -> 0 | HJ36: =HJ33-HJ34 -> 0 | HK36: =HK33-HK34 -> 0 | HL36: =HL33-HL34 -> 0 | HM36: =HM33-HM34 -> 0 | HN36: =HN33-HN34 -> 0 | HQ36: =HQ33-HQ34 -> 0 | HR36: =HR33-HR34 -> 0 | HS36: =HS33-HS34 -> 0 | HT36: =HT33-HT34 -> 0 | HU36: =HU33-HU34 -> 0 | HX36: =HX33-HX34 -> 0 | HY36: =HY33-HY34 -> 0 | HZ36: =HZ33-HZ34 -> 0 | IA36: =IA33-IA34 -> 0 | IB36: =IB33-IB34 -> 0 | IF36: =IF33-IF34 -> 0 | IG36: =IG33-IG34 -> 0 | IH36: =IH33-IH34 -> 0 | II36: =II33-II34 -> 0 | IL36: =IL33-IL34 -> 0 | IM36: =IM33-IM34 -> 0 | IN36: =IN33-IN34 -> 0 | IO36: =IO33-IO34 -> 0 | IP36: =IP33-IP34 -> 0 | IS36: =IS33-IS34 -> 0 | IT36: =IT33-IT34 -> 0 | IU36: =IU33-IU34 -> 0 | IV36: =IV33-IV34 -> 0 | IW36: =IW33-IW34 -> 0 | IZ36: =IZ33-IZ34 -> 0 | JA36: =JA33-JA34 -> 0 | JB36: =JB33-JB34 -> 0 | JC36: =JC33-JC34 -> 0 | JD36: =JD33-JD34 -> 0 | JG36: =JG33-JG34 -> 0 | JH36: =JH33-JH34 -> 0 | JI36: =JI33-JI34 -> 0 | JJ36: =JJ33-JJ34 -> 0 | JK36: =JK33-JK34 -> 0 | JN36: =JN33-JN34 -> 0 | JO36: =JO33-JO34 -> 0 | JP36: =JP33-JP34 -> 0 | JQ36: =JQ33-JQ34 -> 0 | JR36: =JR33-JR34 -> 0 | JU36: =JU33-JU34 -> 0 | JV36: =JV33-JV34 -> 0 | JW36: =JW33-JW34 -> 0 | JX36: =JX33-JX34 -> 0 | JY36: =JY33-JY34 -> 0 | KB36: =KB33-KB34 -> 0 | KC36: =KC33-KC34 -> 0 | KD36: =KD33-KD34 -> 0 | KE36: =KE33-KE34 -> 0 | KF36: =KF33-KF34 -> 0 | KI36: =KI33-KI34 -> 0 | KJ36: =KJ33-KJ34 -> 0 | KK36: =KK33-KK34 -> 0 | KL36: =KL33-KL34 -> 0 | KM36: =KM33-KM34 -> 0 | KP36: =KP33-KP34 -> 0 | KQ36: =KQ33-KQ34 -> 0 | KR36: =KR33-KR34 -> 0 | KS36: =KS33-KS34 -> 0 | KT36: =KT33-KT34 -> 0 | KW36: =KW33-KW34 -> 0 | KX36: =KX33-KX34 -> 0 | KY36: =KY33-KY34 -> 0 | KZ36: =KZ33-KZ34 -> 0 | LA36: =LA33-LA34 -> 0 | LD36: =LD33-LD34 -> 0 | LE36: =LE33-LE34 -> 0 | LF36: =LF33-LF34 -> 0 | LG36: =LG33-LG34 -> 0 | LH36: =LH33-LH34 -> 0 | LK36: =LK33-LK34 -> 0 | LL36: =LL33-LL34 -> 0 | LM36: =LM33-LM34 -> 0 | LN36: =LN33-LN34 -> 0 | LO36: =LO33-LO34 -> 0 | LR36: =LR33-LR34 -> 0 | LS36: =LS33-LS34 -> 0 | LT36: =LT33-LT34 -> 0 | LU36: =LU33-LU34 -> 0 | LV36: =LV33-LV34 -> 0 | LY36: =LY33-LY34 -> 0 | LZ36: =LZ33-LZ34 -> 0 | MA36: =MA33-MA34 -> 0 | MB36: =MB33-MB34 -> 0 | MC36: =MC33-MC34 -> 0 | MF36: =MF33-MF34 -> 0 | MG36: =MG33-MG34 -> 0 | MH36: =MH33-MH34 -> 0 | MI36: =MI33-MI34 -> 0 | MJ36: =MJ33-MJ34 -> 0
B37: MGMT | E37: =2/5 -> 0.4 | H37: =4/5 -> 0.8 | I37: =4/5 -> 0.8 | J37: =3/5 -> 0.6 | K37: =3/5 -> 0.6 | L37: =4/5 -> 0.8 | O37: =4/5 -> 0.8 | P37: =4/5 -> 0.8 | Q37: =3/5 -> 0.6 | R37: =3/5 -> 0.6 | S37: =4/5 -> 0.8 | V37: =4/5 -> 0.8 | W37: =4/5 -> 0.8 | X37: =3/5 -> 0.6 | Y37: =3/5 -> 0.6 | Z37: =4/5 -> 0.8 | AC37: =3/5 -> 0.6 | AD37: =4/5 -> 0.8 | AE37: =3/5 -> 0.6 | AF37: =3/5 -> 0.6 | AG37: =4/5 -> 0.8 | AJ37: =4/5 -> 0.8 | AK37: =4/5 -> 0.8 | AL37: =3/5 -> 0.6 | AM37: =3/5 -> 0.6 | AN37: =4/5 -> 0.8 | AQ37: =4/5 -> 0.8 | AR37: =3/5 -> 0.6 | AS37: =2/5 -> 0.4 | AT37: =2/5 -> 0.4 | AU37: =3/5 -> 0.6 | AX37: =4/5 -> 0.8 | AY37: =2/5 -> 0.4 | AZ37: =1/5 -> 0.2 | BA37: =1/5 -> 0.2 | BB37: =3/5 -> 0.6 | BE37: =4/5 -> 0.8 | BF37: =2.5/5 -> 0.5 | BG37: =3/5 -> 0.6 | BH37: =2/5 -> 0.4 | BI37: =2/5 -> 0.4 | BL37: =3/5 -> 0.6 | BM37: =3/5 -> 0.6 | BN37: =3/5 -> 0.6 | BO37: =3/5 -> 0.6 | BP37: =3/5 -> 0.6 | BS37: =4/5 -> 0.8 | BT37: =4/5 -> 0.8 | BU37: =3/5 -> 0.6 | BV37: =3/5 -> 0.6 | BW37: =4/5 -> 0.8 | BZ37: =4/5 -> 0.8 | CA37: =4/5 -> 0.8 | CB37: =3/5 -> 0.6 | CC37: =3/5 -> 0.6 | CD37: =4/5 -> 0.8 | CG37: =4/5 -> 0.8 | CH37: =3/5 -> 0.6 | CI37: =2/5 -> 0.4 | CJ37: =3/5 -> 0.6 | CK37: =4/5 -> 0.8 | CN37: =3/5 -> 0.6 | CO37: =3/5 -> 0.6 | CP37: =5/5 -> 1 | CQ37: =5/5 -> 1 | CV37: =5/5 -> 1 | CW37: =5/5 -> 1 | CX37: =5/5 -> 1 | CY37: =5/5 -> 1 | DB37: =5/5 -> 1 | DC37: =5/5 -> 1 | DD37: =5/5 -> 1 | DE37: =5/5 -> 1 | DF37: =4.5/5 -> 0.9 | DI37: =5/5 -> 1 | DJ37: =5/5 -> 1 | DK37: =5/5 -> 1 | DL37: =5/5 -> 1 | DM37: =5/5 -> 1 | DP37: =5/5 -> 1 | DQ37: =5/5 -> 1 | DR37: =5/5 -> 1 | DS37: =5/5 -> 1 | DT37: =5/5 -> 1 | DX37: =5/5 -> 1 | DY37: =5/5 -> 1 | DZ37: =5/5 -> 1 | EA37: =5/5 -> 1 | ED37: =5/5 -> 1 | EE37: =5/5 -> 1 | EF37: =5/5 -> 1 | EG37: =5/5 -> 1 | EH37: =5/5 -> 1 | EK37: =5/5 -> 1 | EL37: =5/5 -> 1 | EM37: =5/5 -> 1 | EN37: =5/5 -> 1 | EO37: =5/5 -> 1 | ES37: =4/5 -> 0.8 | ET37: =4/5 -> 0.8 | EU37: =4/5 -> 0.8 | EV37: =4/5 -> 0.8 | EY37: =4/5 -> 0.8 | EZ37: =5/5 -> 1 | FA37: =5/5 -> 1 | FB37: =5/5 -> 1 | FC37: =5/5 -> 1 | FF37: =5/5 -> 1 | FG37: =5/5 -> 1 | FH37: =5/5 -> 1 | FI37: =5/5 -> 1 | FJ37: =5/5 -> 1 | FM37: =5/5 -> 1 | FN37: =5/5 -> 1 | FO37: =5/5 -> 1 | FP37: =5/5 -> 1 | FQ37: =5/5 -> 1 | FT37: =5/5 -> 1 | FU37: =5/5 -> 1 | FV37: =5/5 -> 1 | FW37: =5/5 -> 1 | FX37: =5/5 -> 1 | GA37: =5/5 -> 1 | GB37: =5/5 -> 1 | GC37: =5/5 -> 1 | GD37: =5/5 -> 1 | GE37: =5/5 -> 1 | GH37: =5/5 -> 1 | GI37: =5/5 -> 1 | GJ37: =5/5 -> 1 | GK37: =5/5 -> 1 | GL37: =5/5 -> 1 | GO37: =5/5 -> 1 | GP37: =5/5 -> 1 | GQ37: =5/5 -> 1 | GR37: =5/5 -> 1 | GS37: =5/5 -> 1 | GV37: =5/5 -> 1 | GW37: =5/5 -> 1 | GX37: =5/5 -> 1 | GY37: =5/5 -> 1 | GZ37: =5/5 -> 1 | HC37: =5/5 -> 1 | HD37: =5/5 -> 1 | HE37: =5/5 -> 1 | HF37: =5/5 -> 1 | HG37: =5/5 -> 1 | HJ37: =5/5 -> 1 | HK37: =5/5 -> 1 | HL37: =5/5 -> 1 | HM37: =5/5 -> 1 | HN37: =5/5 -> 1 | HQ37: =5/5 -> 1 | HR37: =5/5 -> 1 | HS37: =5/5 -> 1 | HT37: =5/5 -> 1 | HU37: =5/5 -> 1 | HX37: =5/5 -> 1 | HY37: =5/5 -> 1 | HZ37: =5/5 -> 1 | IA37: =5/5 -> 1 | IB37: =4/5 -> 0.8 | IE37: =5/5 -> 1 | IF37: =5/5 -> 1 | IG37: =5/5 -> 1 | IH37: =5/5 -> 1 | II37: =5/5 -> 1 | IM37: =5/5 -> 1 | IN37: =5/5 -> 1 | IO37: =5/5 -> 1 | IP37: =5/5 -> 1 | IS37: =5/5 -> 1 | IT37: =5/5 -> 1 | IU37: =5/5 -> 1 | IV37: =5/5 -> 1 | IW37: =5/5 -> 1 | IZ37: =5/5 -> 1 | JA37: =5/5 -> 1 | JB37: =5/5 -> 1 | JC37: =5/5 -> 1 | JD37: =5/5 -> 1 | JG37: =5/5 -> 1 | JH37: =5/5 -> 1 | JI37: =5/5 -> 1 | JJ37: =5/5 -> 1 | JK37: =5/5 -> 1 | JN37: =5/5 -> 1 | JO37: =5/5 -> 1 | JP37: =5/5 -> 1 | JQ37: =5/5 -> 1 | JR37: =5/5 -> 1 | JU37: =5/5 -> 1 | JV37: =5/5 -> 1 | JW37: =5/5 -> 1 | JX37: =5/5 -> 1 | JY37: =5/5 -> 1 | KB37: =5/5 -> 1 | KC37: =5/5 -> 1 | KD37: =5/5 -> 1 | KE37: =5/5 -> 1 | KF37: =5/5 -> 1 | KI37: =5/5 -> 1 | KJ37: =5/5 -> 1 | KK37: =5/5 -> 1 | KL37: =5/5 -> 1 | KM37: =5/5 -> 1 | KP37: =5/5 -> 1 | KQ37: =5/5 -> 1 | KR37: =5/5 -> 1 | KS37: =5/5 -> 1 | KT37: =5/5 -> 1 | KW37: =5/5 -> 1 | KX37: =5/5 -> 1 | KY37: =5/5 -> 1 | KZ37: =5/5 -> 1 | LA37: =5/5 -> 1 | LD37: =5/5 -> 1 | LE37: =5/5 -> 1 | LF37: =5/5 -> 1 | LG37: =5/5 -> 1 | LH37: =5/5 -> 1 | LK37: =5/5 -> 1 | LL37: =5/5 -> 1 | LM37: =5/5 -> 1 | LN37: =5/5 -> 1 | LO37: =5/5 -> 1 | LR37: =5/5 -> 1 | LS37: =5/5 -> 1 | LT37: =5/5 -> 1 | LU37: =5/5 -> 1 | LV37: =5/5 -> 1 | LY37: =5/5 -> 1 | LZ37: =5/5 -> 1 | MA37: =5/5 -> 1 | MB37: =5/5 -> 1 | MC37: =5/5 -> 1 | MF37: =5/5 -> 1 | MG37: =5/5 -> 1 | MH37: =5/5 -> 1 | MI37: =5/5 -> 1 | MJ37: =5/5 -> 1 | MM37: =5/5 -> 1 | MN37: =5/5 -> 1 | MO37: =5/5 -> 1 | MP37: =5/5 -> 1 | MQ37: =5/5 -> 1 | MT37: =5/5 -> 1 | MU37: =5/5 -> 1 | MV37: =5/5 -> 1 | MW37: =5/5 -> 1 | NB37: =5/5 -> 1 | NC37: =5/5 -> 1 | ND37: =5/5 -> 1
B38: SD Utilisation | E38: =5/8 -> 0.625 | H38: =7/8 -> 0.875 | I38: =6/8 -> 0.75 | J38: =6/8 -> 0.75 | K38: =5.5/8 -> 0.6875 | L38: =5.5/8 -> 0.6875 | O38: =6/8 -> 0.75 | P38: =7/8 -> 0.875 | Q38: =7/8 -> 0.875 | R38: =6/8 -> 0.75 | S38: =7/8 -> 0.875 | V38: =7/8 -> 0.875 | W38: =8/8 -> 1 | X38: =8/8 -> 1 | Y38: =8/8 -> 1 | Z38: =7/8 -> 0.875 | AC38: =8/8 -> 1 | AD38: =8/8 -> 1 | AE38: =8/8 -> 1 | AF38: =9/8 -> 1.125 | AG38: =6.5/8 -> 0.8125 | AJ38: =8/8 -> 1 | AK38: =8/8 -> 1 | AL38: =8/8 -> 1 | AM38: =8/8 -> 1 | AN38: =8/8 -> 1 | AQ38: =7/8 -> 0.875 | AR38: =7/8 -> 0.875 | AS38: =6/8 -> 0.75 | AT38: =6/8 -> 0.75 | AU38: =6/8 -> 0.75 | AX38: =8/8 -> 1 | AY38: =6/8 -> 0.75 | AZ38: =7/8 -> 0.875 | BA38: =5/8 -> 0.625 | BB38: =7/8 -> 0.875 | BE38: =7/8 -> 0.875 | BF38: =7/8 -> 0.875 | BG38: =7/8 -> 0.875 | BH38: =7/8 -> 0.875 | BI38: =8/8 -> 1 | BL38: =5/8 -> 0.625 | BM38: =6/8 -> 0.75 | BN38: =7/8 -> 0.875 | BO38: =7/8 -> 0.875 | BP38: =7/8 -> 0.875 | BS38: =6/8 -> 0.75 | BT38: =5/8 -> 0.625 | BU38: =8/8 -> 1 | BV38: =8/8 -> 1 | BW38: =7/8 -> 0.875 | BZ38: =7/8 -> 0.875 | CA38: =6/8 -> 0.75 | CB38: =6/8 -> 0.75 | CC38: =6/8 -> 0.75 | CD38: =6/8 -> 0.75 | CG38: =8/8 -> 1 | CH38: =8/8 -> 1 | CI38: =8/8 -> 1 | CJ38: =8/8 -> 1 | CK38: =6/8 -> 0.75 | CN38: =5/8 -> 0.625 | CO38: =6.5/8 -> 0.8125 | CP38: =6.5/8 -> 0.8125 | CQ38: =8/8 -> 1 | CV38: =8/8 -> 1 | CW38: =8/8 -> 1 | CX38: =8/8 -> 1 | CY38: =8/8 -> 1 | DB38: =8/8 -> 1 | DC38: =8/8 -> 1 | DD38: =8/8 -> 1 | DE38: =8/8 -> 1 | DF38: =8/8 -> 1 | DI38: =8/8 -> 1 | DJ38: =8/8 -> 1 | DK38: =8/8 -> 1 | DL38: =8/8 -> 1 | DM38: =8/8 -> 1 | DP38: =8/8 -> 1 | DQ38: =8/8 -> 1 | DR38: =8/8 -> 1 | DS38: =8/8 -> 1 | DT38: =8/8 -> 1 | DX38: =8/8 -> 1 | DY38: =8/8 -> 1 | DZ38: =8/8 -> 1 | EA38: =8/8 -> 1 | ED38: =8/8 -> 1 | EE38: =8/8 -> 1 | EF38: =8/8 -> 1 | EG38: =8/8 -> 1 | EH38: =8/8 -> 1 | EK38: =8/8 -> 1 | EL38: =8/8 -> 1 | EM38: =8/8 -> 1 | EN38: =8/8 -> 1 | EO38: =6/8 -> 0.75 | ES38: =6/8 -> 0.75 | ET38: =8/8 -> 1 | EU38: =8/8 -> 1 | EV38: =8/8 -> 1 | EY38: =8/8 -> 1 | EZ38: =8/8 -> 1 | FA38: =8/8 -> 1 | FB38: =8/8 -> 1 | FC38: =8/8 -> 1 | FF38: =8/8 -> 1 | FG38: =8/8 -> 1 | FH38: =8/8 -> 1 | FI38: =8/8 -> 1 | FJ38: =8/8 -> 1 | FM38: =8/8 -> 1 | FN38: =8/8 -> 1 | FO38: =8/8 -> 1 | FP38: =8/8 -> 1 | FQ38: =8/8 -> 1 | FT38: =8/8 -> 1 | FU38: =8/8 -> 1 | FV38: =8/8 -> 1 | FW38: =8/8 -> 1 | FX38: =8/8 -> 1 | GA38: =8/8 -> 1 | GB38: =8/8 -> 1 | GC38: =8/8 -> 1 | GD38: =8/8 -> 1 | GE38: =8/8 -> 1 | GH38: =8/8 -> 1 | GI38: =8/8 -> 1 | GJ38: =8/8 -> 1 | GK38: =8/8 -> 1 | GL38: =8/8 -> 1 | GO38: =8/8 -> 1 | GP38: =8/8 -> 1 | GQ38: =8/8 -> 1 | GR38: =8/8 -> 1 | GS38: =8/8 -> 1 | GV38: =8/8 -> 1 | GW38: =8/8 -> 1 | GX38: =8/8 -> 1 | GY38: =8/8 -> 1 | GZ38: =8/8 -> 1 | HC38: =8/8 -> 1 | HD38: =8/8 -> 1 | HE38: =8/8 -> 1 | HF38: =8/8 -> 1 | HG38: =8/8 -> 1 | HJ38: =8/8 -> 1 | HK38: =8/8 -> 1 | HL38: =8/8 -> 1 | HM38: =8/8 -> 1 | HN38: =8/8 -> 1 | HQ38: =8/8 -> 1 | HR38: =8/8 -> 1 | HS38: =8/8 -> 1 | HT38: =8/8 -> 1 | HU38: =8/8 -> 1 | HX38: =8/8 -> 1 | HY38: =8/8 -> 1 | HZ38: =8/8 -> 1 | IA38: =8/8 -> 1 | IB38: =8/8 -> 1 | IE38: =8/8 -> 1 | IF38: =8/8 -> 1 | IG38: =8/8 -> 1 | IH38: =8/8 -> 1 | II38: =8/8 -> 1 | IM38: =8/8 -> 1 | IN38: =8/8 -> 1 | IO38: =8/8 -> 1 | IP38: =8/8 -> 1 | IS38: =8/8 -> 1 | IT38: =8/8 -> 1 | IU38: =8/8 -> 1 | IV38: =8/8 -> 1 | IW38: =8/8 -> 1 | IZ38: =8/8 -> 1 | JA38: =8/8 -> 1 | JB38: =8/8 -> 1 | JC38: =8/8 -> 1 | JD38: =8/8 -> 1 | JG38: =8/8 -> 1 | JH38: =8/8 -> 1 | JI38: =8/8 -> 1 | JJ38: =8/8 -> 1 | JK38: =8/8 -> 1 | JN38: =8/8 -> 1 | JO38: =8/8 -> 1 | JP38: =8/8 -> 1 | JQ38: =8/8 -> 1 | JR38: =8/8 -> 1 | JU38: =8/8 -> 1 | JV38: =8/8 -> 1 | JW38: =8/8 -> 1 | JX38: =8/8 -> 1 | JY38: =8/8 -> 1 | KB38: =8/8 -> 1 | KC38: =8/8 -> 1 | KD38: =8/8 -> 1 | KE38: =8/8 -> 1 | KF38: =8/8 -> 1 | KI38: =8/8 -> 1 | KJ38: =8/8 -> 1 | KK38: =8/8 -> 1 | KL38: =8/8 -> 1 | KM38: =8/8 -> 1 | KP38: =8/8 -> 1 | KQ38: =8/8 -> 1 | KR38: =8/8 -> 1 | KS38: =8/8 -> 1 | KT38: =8/8 -> 1 | KW38: =8/8 -> 1 | KX38: =7/8 -> 0.875 | KY38: =7/8 -> 0.875 | KZ38: =7/8 -> 0.875 | LA38: =7/8 -> 0.875 | LD38: =7/8 -> 0.875 | LE38: =7/8 -> 0.875 | LF38: =7/8 -> 0.875 | LG38: =7/8 -> 0.875 | LH38: =7/8 -> 0.875 | LK38: =7/8 -> 0.875 | LL38: =7/8 -> 0.875 | LM38: =7/8 -> 0.875 | LN38: =7/8 -> 0.875 | LO38: =7/8 -> 0.875 | LR38: =7/8 -> 0.875 | LS38: =7/8 -> 0.875 | LT38: =7/8 -> 0.875 | LU38: =7/8 -> 0.875 | LV38: =7/8 -> 0.875 | LY38: =8/8 -> 1 | LZ38: =8/8 -> 1 | MA38: =8/8 -> 1 | MB38: =8/8 -> 1 | MC38: =8/8 -> 1 | MF38: =8/8 -> 1 | MG38: =8/8 -> 1 | MH38: =8/8 -> 1 | MI38: =8/8 -> 1 | MJ38: =8/8 -> 1 | MM38: =8/8 -> 1 | MN38: =8/8 -> 1 | MO38: =8/8 -> 1 | MP38: =8/8 -> 1 | MQ38: =8/8 -> 1 | MT38: =8/8 -> 1 | MU38: =8/8 -> 1 | MV38: =8/8 -> 1 | MW38: =8/8 -> 1 | NB38: =8/8 -> 1 | NC38: =8/8 -> 1 | ND38: =8/8 -> 1
